Region,State,Num_of_Stations,Data_Date,Road_Type,Milage,Units
Northeast,Connecticut,2,12/1/2021,rural,137,vehicle-miles (millions)
Northeast,Connecticut,2,12/1/2020,rural,117,vehicle-miles (millions)
Northeast,Connecticut,2,11/1/2021,rural,141,vehicle-miles (millions)
Northeast,Connecticut,2,11/1/2020,rural,121,vehicle-miles (millions)
Northeast,Maine,61,12/1/2021,rural,414,vehicle-miles (millions)
Northeast,Maine,61,12/1/2020,rural,380,vehicle-miles (millions)
Northeast,Maine,61,11/1/2021,rural,425,vehicle-miles (millions)
Northeast,Maine,61,11/1/2020,rural,375,vehicle-miles (millions)
Northeast,Massachusetts,15,12/1/2021,rural,132,vehicle-miles (millions)
Northeast,Massachusetts,15,12/1/2020,rural,110,vehicle-miles (millions)
Northeast,Massachusetts,15,11/1/2021,rural,133,vehicle-miles (millions)
Northeast,Massachusetts,15,11/1/2020,rural,110,vehicle-miles (millions)
Northeast,New Hampshire,61,12/1/2021,rural,270,vehicle-miles (millions)
Northeast,New Hampshire,61,12/1/2020,rural,230,vehicle-miles (millions)
Northeast,New Hampshire,61,11/1/2021,rural,272,vehicle-miles (millions)
Northeast,New Hampshire,61,11/1/2020,rural,236,vehicle-miles (millions)
Northeast,New Jersey,4,12/1/2021,rural,237,vehicle-miles (millions)
Northeast,New Jersey,4,12/1/2020,rural,211,vehicle-miles (millions)
Northeast,New Jersey,4,11/1/2021,rural,253,vehicle-miles (millions)
Northeast,New Jersey,4,11/1/2020,rural,221,vehicle-miles (millions)
Northeast,New York,48,12/1/2021,rural,989,vehicle-miles (millions)
Northeast,New York,48,12/1/2020,rural,845,vehicle-miles (millions)
Northeast,New York,48,11/1/2021,rural,1006,vehicle-miles (millions)
Northeast,New York,48,11/1/2020,rural,893,vehicle-miles (millions)
Northeast,Pennsylvania,45,12/1/2021,rural,1839,vehicle-miles (millions)
Northeast,Pennsylvania,45,12/1/2020,rural,1518,vehicle-miles (millions)
Northeast,Pennsylvania,45,11/1/2021,rural,1924,vehicle-miles (millions)
Northeast,Pennsylvania,45,11/1/2020,rural,1670,vehicle-miles (millions)
Northeast,Rhode Island,7,12/1/2021,rural,59,vehicle-miles (millions)
Northeast,Rhode Island,7,12/1/2020,rural,47,vehicle-miles (millions)
Northeast,Rhode Island,7,11/1/2021,rural,62,vehicle-miles (millions)
Northeast,Rhode Island,7,11/1/2020,rural,49,vehicle-miles (millions)
Northeast,Vermont,24,12/1/2021,rural,228,vehicle-miles (millions)
Northeast,Vermont,24,12/1/2020,rural,190,vehicle-miles (millions)
Northeast,Vermont,24,11/1/2021,rural,211,vehicle-miles (millions)
Northeast,Vermont,24,11/1/2020,rural,180,vehicle-miles (millions)
South Atlantic,Delaware,1,12/1/2021,rural,81,vehicle-miles (millions)
South Atlantic,Delaware,1,12/1/2020,rural,67,vehicle-miles (millions)
South Atlantic,Delaware,1,11/1/2021,rural,106,vehicle-miles (millions)
South Atlantic,Delaware,1,11/1/2020,rural,90,vehicle-miles (millions)
South Atlantic,District of Columbia,0,12/1/2021,rural,0,vehicle-miles (millions)
South Atlantic,District of Columbia,0,12/1/2020,rural,0,vehicle-miles (millions)
South Atlantic,District of Columbia,0,11/1/2021,rural,0,vehicle-miles (millions)
South Atlantic,District of Columbia,0,11/1/2020,rural,0,vehicle-miles (millions)
South Atlantic,Florida,105,12/1/2021,rural,2532,vehicle-miles (millions)
South Atlantic,Florida,105,12/1/2020,rural,2245,vehicle-miles (millions)
South Atlantic,Florida,105,11/1/2021,rural,2454,vehicle-miles (millions)
South Atlantic,Florida,105,11/1/2020,rural,2141,vehicle-miles (millions)
South Atlantic,Georgia,54,12/1/2021,rural,1827,vehicle-miles (millions)
South Atlantic,Georgia,54,12/1/2020,rural,1664,vehicle-miles (millions)
South Atlantic,Georgia,54,11/1/2021,rural,1815,vehicle-miles (millions)
South Atlantic,Georgia,54,11/1/2020,rural,1660,vehicle-miles (millions)
South Atlantic,Maryland,7,12/1/2021,rural,545,vehicle-miles (millions)
South Atlantic,Maryland,7,12/1/2020,rural,429,vehicle-miles (millions)
South Atlantic,Maryland,7,11/1/2021,rural,576,vehicle-miles (millions)
South Atlantic,Maryland,7,11/1/2020,rural,449,vehicle-miles (millions)
South Atlantic,North Carolina,40,12/1/2021,rural,1869,vehicle-miles (millions)
South Atlantic,North Carolina,40,12/1/2020,rural,1674,vehicle-miles (millions)
South Atlantic,North Carolina,40,11/1/2021,rural,1887,vehicle-miles (millions)
South Atlantic,North Carolina,40,11/1/2020,rural,1691,vehicle-miles (millions)
South Atlantic,South Carolina,48,12/1/2021,rural,1572,vehicle-miles (millions)
South Atlantic,South Carolina,48,12/1/2020,rural,1364,vehicle-miles (millions)
South Atlantic,South Carolina,48,11/1/2021,rural,1562,vehicle-miles (millions)
South Atlantic,South Carolina,48,11/1/2020,rural,1392,vehicle-miles (millions)
South Atlantic,Virginia,319,12/1/2021,rural,1839,vehicle-miles (millions)
South Atlantic,Virginia,319,12/1/2020,rural,1602,vehicle-miles (millions)
South Atlantic,Virginia,319,11/1/2021,rural,1886,vehicle-miles (millions)
South Atlantic,Virginia,319,11/1/2020,rural,1647,vehicle-miles (millions)
South Atlantic,West Virginia,10,12/1/2021,rural,462,vehicle-miles (millions)
South Atlantic,West Virginia,10,12/1/2020,rural,403,vehicle-miles (millions)
South Atlantic,West Virginia,10,11/1/2021,rural,454,vehicle-miles (millions)
South Atlantic,West Virginia,10,11/1/2020,rural,410,vehicle-miles (millions)
North Central,Illinois,34,12/1/2021,rural,1468,vehicle-miles (millions)
North Central,Illinois,34,12/1/2020,rural,1317,vehicle-miles (millions)
North Central,Illinois,34,11/1/2021,rural,1473,vehicle-miles (millions)
North Central,Illinois,34,11/1/2020,rural,1277,vehicle-miles (millions)
North Central,Indiana,25,12/1/2021,rural,1444,vehicle-miles (millions)
North Central,Indiana,25,12/1/2020,rural,1279,vehicle-miles (millions)
North Central,Indiana,25,11/1/2021,rural,1445,vehicle-miles (millions)
North Central,Indiana,25,11/1/2020,rural,1267,vehicle-miles (millions)
North Central,Iowa,82,12/1/2021,rural,1128,vehicle-miles (millions)
North Central,Iowa,82,12/1/2020,rural,1005,vehicle-miles (millions)
North Central,Iowa,82,11/1/2021,rural,1158,vehicle-miles (millions)
North Central,Iowa,82,11/1/2020,rural,981,vehicle-miles (millions)
North Central,Kansas,68,12/1/2021,rural,901,vehicle-miles (millions)
North Central,Kansas,68,12/1/2020,rural,804,vehicle-miles (millions)
North Central,Kansas,68,11/1/2021,rural,905,vehicle-miles (millions)
North Central,Kansas,68,11/1/2020,rural,807,vehicle-miles (millions)
North Central,Michigan,58,12/1/2021,rural,1476,vehicle-miles (millions)
North Central,Michigan,58,12/1/2020,rural,1329,vehicle-miles (millions)
North Central,Michigan,58,11/1/2021,rural,1547,vehicle-miles (millions)
North Central,Michigan,58,11/1/2020,rural,1358,vehicle-miles (millions)
North Central,Minnesota,31,12/1/2021,rural,1217,vehicle-miles (millions)
North Central,Minnesota,31,12/1/2020,rural,1114,vehicle-miles (millions)
North Central,Minnesota,31,11/1/2021,rural,1290,vehicle-miles (millions)
North Central,Minnesota,31,11/1/2020,rural,1099,vehicle-miles (millions)
North Central,Missouri,86,12/1/2021,rural,1700,vehicle-miles (millions)
North Central,Missouri,86,12/1/2020,rural,1523,vehicle-miles (millions)
North Central,Missouri,86,11/1/2021,rural,1717,vehicle-miles (millions)
North Central,Missouri,86,11/1/2020,rural,1501,vehicle-miles (millions)
North Central,Nebraska,38,12/1/2021,rural,702,vehicle-miles (millions)
North Central,Nebraska,38,12/1/2020,rural,629,vehicle-miles (millions)
North Central,Nebraska,38,11/1/2021,rural,725,vehicle-miles (millions)
North Central,Nebraska,38,11/1/2020,rural,631,vehicle-miles (millions)
North Central,North Dakota,53,12/1/2021,rural,307,vehicle-miles (millions)
North Central,North Dakota,53,12/1/2020,rural,294,vehicle-miles (millions)
North Central,North Dakota,53,11/1/2021,rural,334,vehicle-miles (millions)
North Central,North Dakota,53,11/1/2020,rural,290,vehicle-miles (millions)
North Central,Ohio,55,12/1/2021,rural,1563,vehicle-miles (millions)
North Central,Ohio,55,12/1/2020,rural,1372,vehicle-miles (millions)
North Central,Ohio,55,11/1/2021,rural,1607,vehicle-miles (millions)
North Central,Ohio,55,11/1/2020,rural,1400,vehicle-miles (millions)
North Central,South Dakota,38,12/1/2021,rural,422,vehicle-miles (millions)
North Central,South Dakota,38,12/1/2020,rural,397,vehicle-miles (millions)
North Central,South Dakota,38,11/1/2021,rural,449,vehicle-miles (millions)
North Central,South Dakota,38,11/1/2020,rural,390,vehicle-miles (millions)
North Central,Wisconsin,126,12/1/2021,rural,1377,vehicle-miles (millions)
North Central,Wisconsin,126,12/1/2020,rural,1253,vehicle-miles (millions)
North Central,Wisconsin,126,11/1/2021,rural,1424,vehicle-miles (millions)
North Central,Wisconsin,126,11/1/2020,rural,1209,vehicle-miles (millions)
South Gulf,Alabama,72,12/1/2021,rural,1435,vehicle-miles (millions)
South Gulf,Alabama,72,12/1/2020,rural,1346,vehicle-miles (millions)
South Gulf,Alabama,72,11/1/2021,rural,1461,vehicle-miles (millions)
South Gulf,Alabama,72,11/1/2020,rural,1349,vehicle-miles (millions)
South Gulf,Arkansas,18,12/1/2021,rural,957,vehicle-miles (millions)
South Gulf,Arkansas,18,12/1/2020,rural,865,vehicle-miles (millions)
South Gulf,Arkansas,18,11/1/2021,rural,956,vehicle-miles (millions)
South Gulf,Arkansas,18,11/1/2020,rural,882,vehicle-miles (millions)
South Gulf,Kentucky,30,12/1/2021,rural,1526,vehicle-miles (millions)
South Gulf,Kentucky,30,12/1/2020,rural,1331,vehicle-miles (millions)
South Gulf,Kentucky,30,11/1/2021,rural,1534,vehicle-miles (millions)
South Gulf,Kentucky,30,11/1/2020,rural,1342,vehicle-miles (millions)
South Gulf,Louisiana,14,12/1/2021,rural,1163,vehicle-miles (millions)
South Gulf,Louisiana,14,12/1/2020,rural,1069,vehicle-miles (millions)
South Gulf,Louisiana,14,11/1/2021,rural,1099,vehicle-miles (millions)
South Gulf,Louisiana,14,11/1/2020,rural,1003,vehicle-miles (millions)
South Gulf,Mississippi,49,12/1/2021,rural,1236,vehicle-miles (millions)
South Gulf,Mississippi,49,12/1/2020,rural,1141,vehicle-miles (millions)
South Gulf,Mississippi,49,11/1/2021,rural,1254,vehicle-miles (millions)
South Gulf,Mississippi,49,11/1/2020,rural,1161,vehicle-miles (millions)
South Gulf,Oklahoma,34,12/1/2021,rural,1235,vehicle-miles (millions)
South Gulf,Oklahoma,34,12/1/2020,rural,1091,vehicle-miles (millions)
South Gulf,Oklahoma,34,11/1/2021,rural,1234,vehicle-miles (millions)
South Gulf,Oklahoma,34,11/1/2020,rural,1107,vehicle-miles (millions)
South Gulf,Tennessee,29,12/1/2021,rural,1623,vehicle-miles (millions)
South Gulf,Tennessee,29,12/1/2020,rural,1501,vehicle-miles (millions)
South Gulf,Tennessee,29,11/1/2021,rural,1629,vehicle-miles (millions)
South Gulf,Tennessee,29,11/1/2020,rural,1506,vehicle-miles (millions)
South Gulf,Texas,147,12/1/2021,rural,5320,vehicle-miles (millions)
South Gulf,Texas,147,12/1/2020,rural,4664,vehicle-miles (millions)
South Gulf,Texas,147,11/1/2021,rural,5112,vehicle-miles (millions)
South Gulf,Texas,147,11/1/2020,rural,4485,vehicle-miles (millions)
West,Alaska,39,12/1/2021,rural,84,vehicle-miles (millions)
West,Alaska,39,12/1/2020,rural,80,vehicle-miles (millions)
West,Alaska,39,11/1/2021,rural,84,vehicle-miles (millions)
West,Alaska,39,11/1/2020,rural,74,vehicle-miles (millions)
West,Arizona,75,12/1/2021,rural,1215,vehicle-miles (millions)
West,Arizona,75,12/1/2020,rural,1036,vehicle-miles (millions)
West,Arizona,75,11/1/2021,rural,1220,vehicle-miles (millions)
West,Arizona,75,11/1/2020,rural,1081,vehicle-miles (millions)
West,California,60,12/1/2021,rural,3878,vehicle-miles (millions)
West,California,60,12/1/2020,rural,3329,vehicle-miles (millions)
West,California,60,11/1/2021,rural,3954,vehicle-miles (millions)
West,California,60,11/1/2020,rural,3517,vehicle-miles (millions)
West,Colorado,73,12/1/2021,rural,971,vehicle-miles (millions)
West,Colorado,73,12/1/2020,rural,868,vehicle-miles (millions)
West,Colorado,73,11/1/2021,rural,976,vehicle-miles (millions)
West,Colorado,73,11/1/2020,rural,844,vehicle-miles (millions)
West,Hawaii,12,12/1/2021,rural,74,vehicle-miles (millions)
West,Hawaii,12,12/1/2020,rural,67,vehicle-miles (millions)
West,Hawaii,12,11/1/2021,rural,78,vehicle-miles (millions)
West,Hawaii,12,11/1/2020,rural,65,vehicle-miles (millions)
West,Idaho,124,12/1/2021,rural,531,vehicle-miles (millions)
West,Idaho,124,12/1/2020,rural,494,vehicle-miles (millions)
West,Idaho,124,11/1/2021,rural,564,vehicle-miles (millions)
West,Idaho,124,11/1/2020,rural,486,vehicle-miles (millions)
West,Montana,67,12/1/2021,rural,446,vehicle-miles (millions)
West,Montana,67,12/1/2020,rural,425,vehicle-miles (millions)
West,Montana,67,11/1/2021,rural,502,vehicle-miles (millions)
West,Montana,67,11/1/2020,rural,431,vehicle-miles (millions)
West,Nevada,43,12/1/2021,rural,360,vehicle-miles (millions)
West,Nevada,43,12/1/2020,rural,346,vehicle-miles (millions)
West,Nevada,43,11/1/2021,rural,393,vehicle-miles (millions)
West,Nevada,43,11/1/2020,rural,349,vehicle-miles (millions)
West,New Mexico,19,12/1/2021,rural,904,vehicle-miles (millions)
West,New Mexico,19,12/1/2020,rural,766,vehicle-miles (millions)
West,New Mexico,19,11/1/2021,rural,896,vehicle-miles (millions)
West,New Mexico,19,11/1/2020,rural,729,vehicle-miles (millions)
West,Oregon,102,12/1/2021,rural,744,vehicle-miles (millions)
West,Oregon,102,12/1/2020,rural,730,vehicle-miles (millions)
West,Oregon,102,11/1/2021,rural,814,vehicle-miles (millions)
West,Oregon,102,11/1/2020,rural,729,vehicle-miles (millions)
West,Utah,27,12/1/2021,rural,533,vehicle-miles (millions)
West,Utah,27,12/1/2020,rural,500,vehicle-miles (millions)
West,Utah,27,11/1/2021,rural,541,vehicle-miles (millions)
West,Utah,27,11/1/2020,rural,474,vehicle-miles (millions)
West,Washington,84,12/1/2021,rural,862,vehicle-miles (millions)
West,Washington,84,12/1/2020,rural,819,vehicle-miles (millions)
West,Washington,84,11/1/2021,rural,938,vehicle-miles (millions)
West,Washington,84,11/1/2020,rural,801,vehicle-miles (millions)
West,Wyoming,97,12/1/2021,rural,319,vehicle-miles (millions)
West,Wyoming,97,12/1/2020,rural,322,vehicle-miles (millions)
West,Wyoming,97,11/1/2021,rural,363,vehicle-miles (millions)
West,Wyoming,97,11/1/2020,rural,324,vehicle-miles (millions)
Northeast,Connecticut,18,12/1/2021,urban,2100,vehicle-miles (millions)
Northeast,Connecticut,18,12/1/2020,urban,1775,vehicle-miles (millions)
Northeast,Connecticut,18,11/1/2021,urban,2165,vehicle-miles (millions)
Northeast,Connecticut,18,11/1/2020,urban,1842,vehicle-miles (millions)
Northeast,Maine,22,12/1/2021,urban,238,vehicle-miles (millions)
Northeast,Maine,22,12/1/2020,urban,216,vehicle-miles (millions)
Northeast,Maine,22,11/1/2021,urban,235,vehicle-miles (millions)
Northeast,Maine,22,11/1/2020,urban,206,vehicle-miles (millions)
Northeast,Massachusetts,210,12/1/2021,urban,3861,vehicle-miles (millions)
Northeast,Massachusetts,210,12/1/2020,urban,3318,vehicle-miles (millions)
Northeast,Massachusetts,210,11/1/2021,urban,3798,vehicle-miles (millions)
Northeast,Massachusetts,210,11/1/2020,urban,3256,vehicle-miles (millions)
Northeast,New Hampshire,69,12/1/2021,urban,486,vehicle-miles (millions)
Northeast,New Hampshire,69,12/1/2020,urban,418,vehicle-miles (millions)
Northeast,New Hampshire,69,11/1/2021,urban,485,vehicle-miles (millions)
Northeast,New Hampshire,69,11/1/2020,urban,425,vehicle-miles (millions)
Northeast,New Jersey,58,12/1/2021,urban,4613,vehicle-miles (millions)
Northeast,New Jersey,58,12/1/2020,urban,4002,vehicle-miles (millions)
Northeast,New Jersey,58,11/1/2021,urban,4667,vehicle-miles (millions)
Northeast,New Jersey,58,11/1/2020,urban,3956,vehicle-miles (millions)
Northeast,New York,65,12/1/2021,urban,5645,vehicle-miles (millions)
Northeast,New York,65,12/1/2020,urban,5025,vehicle-miles (millions)
Northeast,New York,65,11/1/2021,urban,5753,vehicle-miles (millions)
Northeast,New York,65,11/1/2020,urban,5185,vehicle-miles (millions)
Northeast,Pennsylvania,39,12/1/2021,urban,4124,vehicle-miles (millions)
Northeast,Pennsylvania,39,12/1/2020,urban,3483,vehicle-miles (millions)
Northeast,Pennsylvania,39,11/1/2021,urban,4063,vehicle-miles (millions)
Northeast,Pennsylvania,39,11/1/2020,urban,3630,vehicle-miles (millions)
Northeast,Rhode Island,29,12/1/2021,urban,485,vehicle-miles (millions)
Northeast,Rhode Island,29,12/1/2020,urban,412,vehicle-miles (millions)
Northeast,Rhode Island,29,11/1/2021,urban,514,vehicle-miles (millions)
Northeast,Rhode Island,29,11/1/2020,urban,437,vehicle-miles (millions)
Northeast,Vermont,12,12/1/2021,urban,116,vehicle-miles (millions)
Northeast,Vermont,12,12/1/2020,urban,101,vehicle-miles (millions)
Northeast,Vermont,12,11/1/2021,urban,115,vehicle-miles (millions)
Northeast,Vermont,12,11/1/2020,urban,99,vehicle-miles (millions)
South Atlantic,Delaware,12,12/1/2021,urban,401,vehicle-miles (millions)
South Atlantic,Delaware,12,12/1/2020,urban,356,vehicle-miles (millions)
South Atlantic,Delaware,12,11/1/2021,urban,458,vehicle-miles (millions)
South Atlantic,Delaware,12,11/1/2020,urban,398,vehicle-miles (millions)
South Atlantic,District of Columbia,2,12/1/2021,urban,146,vehicle-miles (millions)
South Atlantic,District of Columbia,2,12/1/2020,urban,159,vehicle-miles (millions)
South Atlantic,District of Columbia,2,11/1/2021,urban,172,vehicle-miles (millions)
South Atlantic,District of Columbia,2,11/1/2020,urban,161,vehicle-miles (millions)
South Atlantic,Florida,148,12/1/2021,urban,11161,vehicle-miles (millions)
South Atlantic,Florida,148,12/1/2020,urban,10155,vehicle-miles (millions)
South Atlantic,Florida,148,11/1/2021,urban,10763,vehicle-miles (millions)
South Atlantic,Florida,148,11/1/2020,urban,9498,vehicle-miles (millions)
South Atlantic,Georgia,119,12/1/2021,urban,5540,vehicle-miles (millions)
South Atlantic,Georgia,119,12/1/2020,urban,5197,vehicle-miles (millions)
South Atlantic,Georgia,119,11/1/2021,urban,5543,vehicle-miles (millions)
South Atlantic,Georgia,119,11/1/2020,urban,5055,vehicle-miles (millions)
South Atlantic,Maryland,38,12/1/2021,urban,3262,vehicle-miles (millions)
South Atlantic,Maryland,38,12/1/2020,urban,2876,vehicle-miles (millions)
South Atlantic,Maryland,38,11/1/2021,urban,3315,vehicle-miles (millions)
South Atlantic,Maryland,38,11/1/2020,urban,2834,vehicle-miles (millions)
South Atlantic,North Carolina,43,12/1/2021,urban,4658,vehicle-miles (millions)
South Atlantic,North Carolina,43,12/1/2020,urban,4211,vehicle-miles (millions)
South Atlantic,North Carolina,43,11/1/2021,urban,4643,vehicle-miles (millions)
South Atlantic,North Carolina,43,11/1/2020,urban,4229,vehicle-miles (millions)
South Atlantic,South Carolina,41,12/1/2021,urban,2124,vehicle-miles (millions)
South Atlantic,South Carolina,41,12/1/2020,urban,1903,vehicle-miles (millions)
South Atlantic,South Carolina,41,11/1/2021,urban,2095,vehicle-miles (millions)
South Atlantic,South Carolina,41,11/1/2020,urban,1863,vehicle-miles (millions)
South Atlantic,Virginia,367,12/1/2021,urban,3790,vehicle-miles (millions)
South Atlantic,Virginia,367,12/1/2020,urban,3395,vehicle-miles (millions)
South Atlantic,Virginia,367,11/1/2021,urban,3771,vehicle-miles (millions)
South Atlantic,Virginia,367,11/1/2020,urban,3361,vehicle-miles (millions)
South Atlantic,West Virginia,9,12/1/2021,urban,556,vehicle-miles (millions)
South Atlantic,West Virginia,9,12/1/2020,urban,499,vehicle-miles (millions)
South Atlantic,West Virginia,9,11/1/2021,urban,561,vehicle-miles (millions)
South Atlantic,West Virginia,9,11/1/2020,urban,501,vehicle-miles (millions)
North Central,Illinois,55,12/1/2021,urban,4788,vehicle-miles (millions)
North Central,Illinois,55,12/1/2020,urban,4278,vehicle-miles (millions)
North Central,Illinois,55,11/1/2021,urban,4862,vehicle-miles (millions)
North Central,Illinois,55,11/1/2020,urban,4168,vehicle-miles (millions)
North Central,Indiana,32,12/1/2021,urban,2538,vehicle-miles (millions)
North Central,Indiana,32,12/1/2020,urban,2310,vehicle-miles (millions)
North Central,Indiana,32,11/1/2021,urban,2555,vehicle-miles (millions)
North Central,Indiana,32,11/1/2020,urban,2247,vehicle-miles (millions)
North Central,Iowa,28,12/1/2021,urban,813,vehicle-miles (millions)
North Central,Iowa,28,12/1/2020,urban,741,vehicle-miles (millions)
North Central,Iowa,28,11/1/2021,urban,824,vehicle-miles (millions)
North Central,Iowa,28,11/1/2020,urban,721,vehicle-miles (millions)
North Central,Kansas,16,12/1/2021,urban,931,vehicle-miles (millions)
North Central,Kansas,16,12/1/2020,urban,841,vehicle-miles (millions)
North Central,Kansas,16,11/1/2021,urban,891,vehicle-miles (millions)
North Central,Kansas,16,11/1/2020,urban,808,vehicle-miles (millions)
North Central,Michigan,51,12/1/2021,urban,4432,vehicle-miles (millions)
North Central,Michigan,51,12/1/2020,urban,3892,vehicle-miles (millions)
North Central,Michigan,51,11/1/2021,urban,4453,vehicle-miles (millions)
North Central,Michigan,51,11/1/2020,urban,3826,vehicle-miles (millions)
North Central,Minnesota,13,12/1/2021,urban,1919,vehicle-miles (millions)
North Central,Minnesota,13,12/1/2020,urban,1696,vehicle-miles (millions)
North Central,Minnesota,13,11/1/2021,urban,2029,vehicle-miles (millions)
North Central,Minnesota,13,11/1/2020,urban,1672,vehicle-miles (millions)
North Central,Missouri,65,12/1/2021,urban,2712,vehicle-miles (millions)
North Central,Missouri,65,12/1/2020,urban,2421,vehicle-miles (millions)
North Central,Missouri,65,11/1/2021,urban,2668,vehicle-miles (millions)
North Central,Missouri,65,11/1/2020,urban,2347,vehicle-miles (millions)
North Central,Nebraska,19,12/1/2021,urban,609,vehicle-miles (millions)
North Central,Nebraska,19,12/1/2020,urban,539,vehicle-miles (millions)
North Central,Nebraska,19,11/1/2021,urban,605,vehicle-miles (millions)
North Central,Nebraska,19,11/1/2020,urban,530,vehicle-miles (millions)
North Central,North Dakota,11,12/1/2021,urban,159,vehicle-miles (millions)
North Central,North Dakota,11,12/1/2020,urban,152,vehicle-miles (millions)
North Central,North Dakota,11,11/1/2021,urban,169,vehicle-miles (millions)
North Central,North Dakota,11,11/1/2020,urban,148,vehicle-miles (millions)
North Central,Ohio,99,12/1/2021,urban,4544,vehicle-miles (millions)
North Central,Ohio,99,12/1/2020,urban,4160,vehicle-miles (millions)
North Central,Ohio,99,11/1/2021,urban,4560,vehicle-miles (millions)
North Central,Ohio,99,11/1/2020,urban,4133,vehicle-miles (millions)
North Central,South Dakota,5,12/1/2021,urban,225,vehicle-miles (millions)
North Central,South Dakota,5,12/1/2020,urban,209,vehicle-miles (millions)
North Central,South Dakota,5,11/1/2021,urban,226,vehicle-miles (millions)
North Central,South Dakota,5,11/1/2020,urban,192,vehicle-miles (millions)
North Central,Wisconsin,128,12/1/2021,urban,2092,vehicle-miles (millions)
North Central,Wisconsin,128,12/1/2020,urban,1908,vehicle-miles (millions)
North Central,Wisconsin,128,11/1/2021,urban,2085,vehicle-miles (millions)
North Central,Wisconsin,128,11/1/2020,urban,1802,vehicle-miles (millions)
South Gulf,Alabama,112,12/1/2021,urban,2276,vehicle-miles (millions)
South Gulf,Alabama,112,12/1/2020,urban,2141,vehicle-miles (millions)
South Gulf,Alabama,112,11/1/2021,urban,2245,vehicle-miles (millions)
South Gulf,Alabama,112,11/1/2020,urban,2084,vehicle-miles (millions)
South Gulf,Arkansas,3,12/1/2021,urban,1251,vehicle-miles (millions)
South Gulf,Arkansas,3,12/1/2020,urban,1148,vehicle-miles (millions)
South Gulf,Arkansas,3,11/1/2021,urban,1244,vehicle-miles (millions)
South Gulf,Arkansas,3,11/1/2020,urban,1160,vehicle-miles (millions)
South Gulf,Kentucky,22,12/1/2021,urban,1550,vehicle-miles (millions)
South Gulf,Kentucky,22,12/1/2020,urban,1406,vehicle-miles (millions)
South Gulf,Kentucky,22,11/1/2021,urban,1492,vehicle-miles (millions)
South Gulf,Kentucky,22,11/1/2020,urban,1358,vehicle-miles (millions)
South Gulf,Louisiana,13,12/1/2021,urban,2037,vehicle-miles (millions)
South Gulf,Louisiana,13,12/1/2020,urban,1914,vehicle-miles (millions)
South Gulf,Louisiana,13,11/1/2021,urban,1967,vehicle-miles (millions)
South Gulf,Louisiana,13,11/1/2020,urban,1815,vehicle-miles (millions)
South Gulf,Mississippi,24,12/1/2021,urban,1106,vehicle-miles (millions)
South Gulf,Mississippi,24,12/1/2020,urban,1041,vehicle-miles (millions)
South Gulf,Mississippi,24,11/1/2021,urban,1080,vehicle-miles (millions)
South Gulf,Mississippi,24,11/1/2020,urban,1033,vehicle-miles (millions)
South Gulf,Oklahoma,22,12/1/2021,urban,1538,vehicle-miles (millions)
South Gulf,Oklahoma,22,12/1/2020,urban,1447,vehicle-miles (millions)
South Gulf,Oklahoma,22,11/1/2021,urban,1491,vehicle-miles (millions)
South Gulf,Oklahoma,22,11/1/2020,urban,1444,vehicle-miles (millions)
South Gulf,Tennessee,27,12/1/2021,urban,3580,vehicle-miles (millions)
South Gulf,Tennessee,27,12/1/2020,urban,3320,vehicle-miles (millions)
South Gulf,Tennessee,27,11/1/2021,urban,3480,vehicle-miles (millions)
South Gulf,Tennessee,27,11/1/2020,urban,3267,vehicle-miles (millions)
South Gulf,Texas,82,12/1/2021,urban,14279,vehicle-miles (millions)
South Gulf,Texas,82,12/1/2020,urban,12769,vehicle-miles (millions)
South Gulf,Texas,82,11/1/2021,urban,14103,vehicle-miles (millions)
South Gulf,Texas,82,11/1/2020,urban,12342,vehicle-miles (millions)
West,Alaska,56,12/1/2021,urban,164,vehicle-miles (millions)
West,Alaska,56,12/1/2020,urban,151,vehicle-miles (millions)
West,Alaska,56,11/1/2021,urban,161,vehicle-miles (millions)
West,Alaska,56,11/1/2020,urban,140,vehicle-miles (millions)
West,Arizona,114,12/1/2021,urban,3574,vehicle-miles (millions)
West,Arizona,114,12/1/2020,urban,3251,vehicle-miles (millions)
West,Arizona,114,11/1/2021,urban,3434,vehicle-miles (millions)
West,Arizona,114,11/1/2020,urban,3098,vehicle-miles (millions)
West,California,91,12/1/2021,urban,18959,vehicle-miles (millions)
West,California,91,12/1/2020,urban,17104,vehicle-miles (millions)
West,California,91,11/1/2021,urban,18850,vehicle-miles (millions)
West,California,91,11/1/2020,urban,17386,vehicle-miles (millions)
West,Colorado,36,12/1/2021,urban,2500,vehicle-miles (millions)
West,Colorado,36,12/1/2020,urban,2235,vehicle-miles (millions)
West,Colorado,36,11/1/2021,urban,2463,vehicle-miles (millions)
West,Colorado,36,11/1/2020,urban,2176,vehicle-miles (millions)
West,Hawaii,48,12/1/2021,urban,492,vehicle-miles (millions)
West,Hawaii,48,12/1/2020,urban,428,vehicle-miles (millions)
West,Hawaii,48,11/1/2021,urban,474,vehicle-miles (millions)
West,Hawaii,48,11/1/2020,urban,389,vehicle-miles (millions)
West,Idaho,74,12/1/2021,urban,514,vehicle-miles (millions)
West,Idaho,74,12/1/2020,urban,463,vehicle-miles (millions)
West,Idaho,74,11/1/2021,urban,496,vehicle-miles (millions)
West,Idaho,74,11/1/2020,urban,441,vehicle-miles (millions)
West,Montana,13,12/1/2021,urban,199,vehicle-miles (millions)
West,Montana,13,12/1/2020,urban,193,vehicle-miles (millions)
West,Montana,13,11/1/2021,urban,198,vehicle-miles (millions)
West,Montana,13,11/1/2020,urban,180,vehicle-miles (millions)
West,Nevada,38,12/1/2021,urban,1238,vehicle-miles (millions)
West,Nevada,38,12/1/2020,urban,1104,vehicle-miles (millions)
West,Nevada,38,11/1/2021,urban,1267,vehicle-miles (millions)
West,Nevada,38,11/1/2020,urban,1070,vehicle-miles (millions)
West,New Mexico,17,12/1/2021,urban,743,vehicle-miles (millions)
West,New Mexico,17,12/1/2020,urban,631,vehicle-miles (millions)
West,New Mexico,17,11/1/2021,urban,722,vehicle-miles (millions)
West,New Mexico,17,11/1/2020,urban,590,vehicle-miles (millions)
West,Oregon,46,12/1/2021,urban,1302,vehicle-miles (millions)
West,Oregon,46,12/1/2020,urban,1254,vehicle-miles (millions)
West,Oregon,46,11/1/2021,urban,1353,vehicle-miles (millions)
West,Oregon,46,11/1/2020,urban,1211,vehicle-miles (millions)
West,Utah,51,12/1/2021,urban,1440,vehicle-miles (millions)
West,Utah,51,12/1/2020,urban,1300,vehicle-miles (millions)
West,Utah,51,11/1/2021,urban,1383,vehicle-miles (millions)
West,Utah,51,11/1/2020,urban,1224,vehicle-miles (millions)
West,Washington,91,12/1/2021,urban,2654,vehicle-miles (millions)
West,Washington,91,12/1/2020,urban,2497,vehicle-miles (millions)
West,Washington,91,11/1/2021,urban,2760,vehicle-miles (millions)
West,Washington,91,11/1/2020,urban,2435,vehicle-miles (millions)
West,Wyoming,28,12/1/2021,urban,135,vehicle-miles (millions)
West,Wyoming,28,12/1/2020,urban,129,vehicle-miles (millions)
West,Wyoming,28,11/1/2021,urban,145,vehicle-miles (millions)
West,Wyoming,28,11/1/2020,urban,129,vehicle-miles (millions)
