"Active","HQ_State","Most_Recent_Report_Year","Passenger_Trips"
"active","wa","2021","468"
"active","wa","2021","88"
"active","wa","2021","286"
"inactive","wa","2021",""
"active","wa","2021","42"
"active","wa","2021","424"
"active","wa","2021","829"
"active","wa","2021","7"
"active","wa","2021","512"
"active","wa","2021","143"
"active","wa","2021","108"
"active","wa","2021","5"
"active","wa","2021","70"
"active","wa","2021","24"
"active","wa","2021","138"
"active","wa","2021","4"
"active","wa","2021","323"
"active","wa","2021","51"
"active","wa","2021","761"
"active","wa","2021","9"
"active","wa","2021","35"
"active","wa","2021","472"
"inactive","wa","2021","3"
"active","or","2021","66"
"active","or","2021","218"
"active","or","2021","2"
"active","or","2021","10"
"active","or","2021","1"
"active","or","2021","2"
"inactive","or","2021",""
"active","or","2021","244"
"active","or","2021","23"
"active","or","2021","14"
"active","or","2021","25"
"inactive","or","2021",""
"active","or","2021","84"
"inactive","id","2021",""
"active","id","2021","95"
"inactive","id","2021",""
"active","id","2021","829"
"active","ak","2021","89"
"active","ak","2021","1"
"inactive","ak","2021",""
"active","ak","2021","150"
"active","wa","2021","26"
"active","wa","2021","169"
"inactive","wa","2021",""
"active","wa","2021","173"
"active","wa","2021","54"
"inactive","wa","2021",""
"active","wa","2021","1"
"active","wa","2021","153"
"active","wa","2021","33"
"active","wa","2021","115"
"active","wa","2021","2"
"active","wa","2021","178"
"active","wa","2021","151"
"active","wa","2021","1"
"active","wa","2021","562"
"inactive","wa","2021",""
"active","wa","2021","946"
"active","wa","2021","63"
"active","wa","2021","134"
"inactive","wa","2021",""
"inactive","wa","2021",""
"active","wa","2021","1"
"active","wa","2021","15"
"active","id","2021",""
"active","id","2021",""
"active","wa","2021","666"
"inactive","wa","2021",""
"inactive","wa","2021",""
"active","wa","2021","124"
"active","wa","2021","3"
"active","wa","2021","20"
"active","or","2021","58"
"active","or","2021","1"
"active","or","2021","56"
"active","or","2021","22"
"active","wa","2021","450"
"active","wa","2021","247"
"active","wa","2021","314"
"active","wa","2021","85"
"active","wa","2021","4"
"inactive","wa","2021",""
"active","wa","2021","227"
"inactive","wa","2007","211"
"inactive","or","2021",""
"active","or","2021","34"
"active","or","2021","571"
"inactive","or","2021",""
"active","wa","2021","15"
"active","wa","2021","4"
"active","wa","2021","1"
"active","wa","2021","734"
"inactive","wa","2021",""
"active","wa","2021","11"
"inactive","wa","2021",""
"inactive","wa","2021",""
"inactive","wa","2021",""
"active","wa","2021","371"
"active","ak","2021","166"
"inactive","id","2018",""
"inactive","id","2018",""
"inactive","id","2018",""
"active","wa","2021","54"
"active","wa","2021","2"
"active","wa","2021","767"
"active","wa","2021","63"
"active","wa","2021","42"
"active","wa","2021","225"
"active","wa","2021","52"
"active","ak","2021",""
"active","ak","2021",""
"active","or","2021","6"
"active","or","2021","103"
"inactive","or","2021",""
"inactive","or","2021",""
"inactive","ak","2015","220"
"inactive","or","2011",""
"inactive","or","2011",""
"inactive","or","2012",""
"active","id","2021",""
"active","id","2021",""
"inactive","wa","2015","515"
"active","or","2021","84"
"active","or","2021","16"
"active","or","2021","18"
"active","or","2021","16"
"active","or","2021","193"
"inactive","or","2021",""
"active","or","2021","1"
"inactive","or","2021",""
"active","or","2021","0"
"active","or","2021","27"
"active","or","2021","48"
"active","or","2021","61"
"active","id","2021","103"
"active","ri","2021","177"
"inactive","ri","2021",""
"active","ri","2021","1"
"active","ri","2021","7"
"active","ri","2021","76"
"active","nh","2021",""
"active","nh","2021",""
"inactive","ma","2021",""
"active","ma","2021","6"
"active","ma","2021","758"
"active","ma","2021","173"
"active","ma","2021","44"
"active","ma","2021","14"
"active","ma","2021","47"
"active","ma","2021","461"
"active","ma","2021","4"
"active","ma","2021","833"
"active","ma","2021","61"
"active","ma","2021","1"
"inactive","ma","2021",""
"active","ma","2021","50"
"inactive","ma","2021",""
"active","ma","2021","524"
"active","ma","2021","73"
"active","ma","2021","1"
"active","ma","2021","15"
"inactive","ma","2021",""
"active","ma","2021","327"
"active","ma","2021","109"
"active","ma","2021","3"
"active","ma","2021","0"
"active","ma","2021","46"
"active","ma","2021","994"
"active","ma","2021","25"
"active","ma","2021","47"
"active","ma","2021","24"
"active","ma","2021","2"
"inactive","ma","2021",""
"active","me","2021",""
"active","me","2021",""
"active","me","2021","1"
"active","ct","2021","304"
"inactive","ct","2021",""
"active","ct","2021",""
"active","ct","2021","4"
"active","ct","2021","658"
"active","ct","2021","32"
"active","ct","2021","64"
"active","ct","2021","114"
"inactive","ct","2010","548"
"active","ct","2021","8"
"active","ct","2021","1"
"active","ct","2021","157"
"inactive","ct","2021",""
"inactive","ct","2021",""
"inactive","ct","2021",""
"active","ct","2021","59"
"active","ct","2021","2"
"inactive","ct","2021",""
"active","ct","2021","31"
"active","ct","2021","366"
"inactive","ct","2006","40"
"active","ma","2021","19"
"active","ma","2021","131"
"active","ct","2021","4"
"active","ct","2021","2"
"active","ct","2021","41"
"active","ct","2021","11"
"active","ct","2021","803"
"inactive","ct","2021",""
"active","ma","2021","144"
"active","ma","2021","149"
"active","ma","2021","245"
"active","ct","2021",""
"inactive","ct","2021",""
"active","ct","2021",""
"inactive","ct","2021",""
"inactive","ma","2021",""
"active","ma","2021","138"
"active","ma","2021","312"
"active","vt","2021","52"
"active","vt","2021","50"
"active","vt","2021","48"
"active","vt","2021","1"
"inactive","vt","2021",""
"active","me","2021",""
"active","nh","2021","15"
"active","nh","2021","227"
"inactive","nh","2021",""
"inactive","nh","2021",""
"active","nh","2021","9"
"inactive","nh","2021",""
"active","nh","2021","219"
"active","me","2021","893"
"inactive","ma","2001",""
"inactive","ct","2010","124"
"inactive","ct","2010","2"
"inactive","me","2021",""
"inactive","me","2021",""
"active","me","2021",""
"active","me","2021","8"
"active","me","2021","20"
"active","me","2021","67"
"active","ct","2021","15"
"active","ct","2021","70"
"inactive","ct","2021",""
"inactive","ma","2021",""
"active","ma","2021","178"
"active","ma","2021","77"
"active","ma","2021","396"
"active","ct","2021","12"
"active","ct","2021","157"
"inactive","ct","2015","91"
"inactive","ct","2010","89"
"active","me","2021","117"
"inactive","ri","2010","151"
"inactive","ma","2016",""
"inactive","ma","2016",""
"active","ma","2021","65"
"active","ma","2021","192"
"active","nh","2021",""
"inactive","nh","2021",""
"inactive","ma","2015","38"
"inactive","ma","2015","387"
"active","ct","2021","53"
"active","ct","2021","1"
"inactive","ma","2016","222"
"active","ct","2021","364"
"active","ma","2021","2"
"active","ma","2021","772"
"active","ri","2021","18"
"inactive","nh","2016",""
"active","ma","2021","84"
"active","ma","2021","501"
"active","ny","2021","20"
"active","ny","2021","97"
"inactive","ny","2021",""
"active","ny","2021","101"
"active","ny","2021","9"
"inactive","ny","2021",""
"active","ny","2021","63"
"active","ny","2021","17"
"inactive","ny","2021","18"
"active","ny","2021","958"
"active","ny","2021","113"
"active","ny","2021","1"
"active","ny","2021","9"
"active","ny","2021",""
"active","ny","2021",""
"active","ny","2021","3"
"active","ny","2021","74"
"inactive","ny","2011","339"
"inactive","ny","2011","30"
"active","ny","2021","4"
"active","ny","2021","2"
"active","ny","2021","1"
"active","ny","2021","393"
"active","ny","2021","15"
"inactive","ny","2021",""
"active","ny","2021","19"
"active","ny","2021","536"
"active","ny","2021","57"
"active","ny","2021","52"
"inactive","ny","2021",""
"active","ny","2021","3"
"inactive","ny","2004","24"
"inactive","ny","2005","1"
"active","ny","2021","24"
"active","ny","2021","52"
"active","ny","2021","476"
"active","ny","2021","2"
"active","nj","2021","3"
"inactive","ny","2021",""
"active","ny","2021","145"
"active","ny","2021","70"
"inactive","ny","2021",""
"active","ny","2021","16"
"active","ny","2021","32"
"active","ny","2021","16"
"active","ny","2021","90"
"inactive","ny","2004","34"
"active","nj","2021","19"
"inactive","nj","2021",""
"active","nj","2021","1"
"active","nj","2021","2"
"active","nj","2021","7"
"active","nj","2021","71"
"active","nj","2021","6"
"active","nj","2021","178"
"active","nj","2021","1"
"inactive","ny","2021","63"
"active","ny","2021","7"
"inactive","ny","2021",""
"active","ny","2021","40"
"active","ny","2021","1"
"active","ny","2021",""
"active","ny","2015",""
"inactive","ny","2018",""
"active","ny","2021","9"
"active","ny","2021","71"
"inactive","ny","2021",""
"inactive","nj","2021",""
"active","nj","2021","32"
"active","ny","2021","2"
"active","ny","2021","49"
"active","ny","2021","121"
"active","ny","2021","7"
"active","ny","2021","10"
"inactive","ny","2015",""
"inactive","ny","2015","409"
"inactive","ny","2004","2"
"active","ny","2021",""
"active","ny","2021",""
"inactive","ny","2021",""
"active","nj","2021","635"
"inactive","nj","2021",""
"active","nj","2021","834"
"inactive","nj","2021",""
"active","nj","2021","344"
"inactive","nj","2021",""
"inactive","nj","2014","5"
"active","ny","2021","428"
"inactive","ny","2021",""
"inactive","ny","2005","4"
"inactive","ny","2018","308"
"inactive","ny","2018",""
"active","ny","2021","23"
"active","ny","2021","2"
"inactive","ny","2021",""
"inactive","ny","2021",""
"inactive","ny","2006",""
"inactive","ny","2021",""
"active","ny","2021",""
"active","nj","2021","191"
"inactive","nj","2021",""
"inactive","nj","2002",""
"inactive","nj","2002",""
"inactive","nj","2007","123"
"inactive","ny","2014",""
"inactive","ny","2014",""
"inactive","ny","2009","692"
"active","nj","2021",""
"inactive","nj","2021",""
"active","nj","2021","77"
"inactive","nj","2021",""
"inactive","nj","2003","564"
"active","nj","2021","270"
"inactive","nj","2021",""
"inactive","nj","2004","420"
"active","nj","2021",""
"inactive","nj","2021",""
"active","nj","2021","2"
"inactive","nj","2002","3"
"inactive","nj","2011","3"
"active","pa","2021","289"
"inactive","pa","2021",""
"inactive","nj","2001","439"
"inactive","ny","2011","150"
"inactive","ny","2015",""
"inactive","ny","2015","614"
"inactive","ny","2021",""
"active","ny","2021","353"
"active","ny","2021","209"
"inactive","ny","2021",""
"active","ny","2021","5"
"active","ny","2021","214"
"inactive","ny","2021",""
"inactive","ny","2021",""
"inactive","ny","2006","693"
"active","ny","2021",""
"active","ny","2021",""
"inactive","ny","2015","29"
"inactive","ny","2015","1"
"active","ny","2021",""
"active","ny","2021","82"
"inactive","ny","2019","2"
"active","nj","2021","2"
"active","nj","2021","504"
"active","nj","2021","45"
"active","nj","2021","4"
"active","nj","2021",""
"active","nj","2021",""
"inactive","nj","2021",""
"inactive","nj","2019","50"
"inactive","nj","2019",""
"inactive","nj","2019","217"
"active","nj","2018",""
"inactive","nj","2018",""
"active","nj","2018",""
"inactive","nj","2018",""
"inactive","nj","2014",""
"active","nj","2021","48"
"inactive","nj","2021",""
"active","nj","2021",""
"active","nj","2021",""
"inactive","nj","2017",""
"active","nj","2021",""
"inactive","nj","2021",""
"active","nj","2021","62"
"active","ny","2021","206"
"active","ny","2021","15"
"active","nj","2021","48"
"active","nj","2021","33"
"active","nj","2021",""
"active","nj","2021",""
"active","ny","2021","483"
"active","nj","2021","669"
"active","nj","2021","425"
"active","ny","2021","3"
"active","ny","2021","59"
"active","wv","2021","17"
"active","wv","2021","966"
"active","wv","2021","34"
"active","wv","2021","603"
"active","wv","2021",""
"active","wv","2021",""
"inactive","va","2021",""
"active","va","2021","211"
"active","va","2021","6"
"inactive","va","2021","11"
"active","va","2021","1"
"active","va","2021","117"
"inactive","va","2021",""
"active","va","2021","59"
"active","va","2021","1"
"active","va","2021","17"
"active","va","2021","451"
"active","va","2021",""
"active","va","2021",""
"active","pa","2021","151"
"active","pa","2021","2"
"inactive","pa","2021",""
"active","pa","2021","75"
"active","pa","2021","5"
"active","pa","2021","314"
"inactive","pa","2021",""
"active","pa","2021","28"
"inactive","pa","2021",""
"active","pa","2021","20"
"active","pa","2021","701"
"active","pa","2021","107"
"active","pa","2021","738"
"active","pa","2021","65"
"active","pa","2021","62"
"inactive","pa","2021",""
"active","pa","2021","951"
"active","pa","2021","10"
"active","pa","2021","79"
"inactive","pa","2021",""
"active","pa","2021","746"
"inactive","pa","2016","296"
"inactive","pa","2016","1"
"active","pa","2021","6"
"active","pa","2021","511"
"active","pa","2021","28"
"inactive","pa","2021",""
"active","pa","2021","60"
"active","pa","2021","21"
"active","pa","2021","7"
"active","pa","2021","2"
"active","pa","2021","667"
"active","pa","2021","204"
"inactive","pa","2021",""
"active","pa","2021","1"
"active","pa","2021","20"
"active","pa","2021","50"
"active","pa","2021","327"
"inactive","pa","2016","184"
"inactive","pa","2016","55"
"inactive","pa","2016","2"
"active","pa","2021","71"
"active","pa","2021","11"
"active","pa","2021","395"
"active","pa","2021","22"
"inactive","pa","2021",""
"active","pa","2021","4"
"active","pa","2021","639"
"active","pa","2021","13"
"inactive","pa","2021",""
"active","pa","2021","367"
"active","pa","2021","6"
"active","pa","2021","22"
"active","pa","2021","844"
"inactive","pa","2021",""
"inactive","pa","2021",""
"active","dc","2021","1"
"active","dc","2021","5"
"active","dc","2021","36"
"active","dc","2021","51"
"inactive","dc","2021","1"
"active","md","2021","434"
"active","md","2021","880"
"active","md","2021","8"
"active","md","2021","1"
"active","md","2021","537"
"active","md","2021","1"
"active","md","2021","2"
"active","md","2021","35"
"inactive","md","2021",""
"active","wv","2021","4"
"active","wv","2021","264"
"inactive","va","2021",""
"active","va","2021",""
"active","md","2021",""
"active","md","2021",""
"active","md","2021",""
"active","md","2021",""
"active","md","2021",""
"active","pa","2021","118"
"inactive","pa","2021",""
"inactive","pa","2021",""
"active","pa","2021","113"
"inactive","pa","2021",""
"active","va","2021","21"
"active","va","2021","126"
"active","md","2021","54"
"active","md","2021","300"
"active","md","2021","269"
"inactive","pa","2008","121"
"inactive","pa","2008","39"
"active","md","2021","0"
"inactive","md","2021",""
"inactive","md","2021",""
"active","md","2021","10"
"inactive","md","2021",""
"inactive","pa","2021","14"
"active","pa","2021","16"
"inactive","pa","2021",""
"active","pa","2021","666"
"active","pa","2021","50"
"active","pa","2021",""
"active","pa","2021",""
"active","pa","2021","150"
"active","va","2021","326"
"inactive","pa","2021",""
"active","pa","2021","151"
"inactive","pa","2007","1"
"inactive","va","2021",""
"active","va","2021","4"
"active","va","2013",""
"active","va","2013",""
"active","va","2021","307"
"active","va","2021","1"
"active","va","2021","414"
"active","va","2021","427"
"active","va","2021","20"
"inactive","va","2021",""
"active","va","2021","1"
"inactive","va","2021",""
"active","md","2021","24"
"active","md","2021","388"
"inactive","va","2021",""
"active","va","2021","341"
"active","md","2021",""
"active","md","2021",""
"active","de","2021","424"
"active","de","2021","30"
"active","de","2021","4"
"active","de","2021","372"
"active","va","2021","14"
"active","va","2021","595"
"inactive","va","2021",""
"active","pa","2021","3"
"active","pa","2021","130"
"active","pa","2021","7"
"active","va","2021",""
"active","va","2021","19"
"active","va","2021","12"
"active","va","2021","1"
"active","va","2021","60"
"active","va","2021","8"
"active","va","2021","265"
"inactive","va","2021",""
"active","va","2021","238"
"active","va","2021","17"
"active","va","2021","6"
"active","va","2021","151"
"active","va","2021","545"
"active","va","2021","5"
"inactive","va","2021",""
"active","va","2021","40"
"inactive","pa","2003","69"
"active","md","2021","42"
"active","md","2021","904"
"active","pa","2021","81"
"inactive","pa","2021",""
"active","pa","2021","57"
"inactive","pa","2021",""
"active","md","2021","35"
"active","md","2021","403"
"active","wv","2021",""
"active","wv","2021",""
"active","va","2021","23"
"active","va","2021","786"
"active","md","2021",""
"active","md","2021",""
"active","va","2021","24"
"inactive","va","2021",""
"inactive","va","2021",""
"active","va","2021","479"
"inactive","pa","2021",""
"active","pa","2021","27"
"active","pa","2021","177"
"active","md","2021","29"
"inactive","md","2021",""
"active","md","2021","123"
"active","va","2021",""
"active","va","2021",""
"inactive","pa","2015","10"
"inactive","pa","2015","56"
"inactive","pa","2016","901"
"inactive","pa","2016",""
"inactive","va","2016","110"
"inactive","va","2016",""
"active","wv","2021","1"
"active","pa","2021","133"
"active","pa","2021","45"
"active","dc","2021","1"
"active","dc","2021","309"
"inactive","md","2021",""
"active","md","2021","63"
"active","md","2021","78"
"active","pa","2021","48"
"inactive","pa","2021",""
"active","pa","2021","142"
"active","md","2021","55"
"active","md","2021","699"
"active","pa","2021","101"
"active","pa","2021","152"
"active","pa","2021","2"
"active","tn","2021","49"
"inactive","tn","2021",""
"active","tn","2021","337"
"active","tn","2021","1"
"active","tn","2021","64"
"active","tn","2021","2"
"active","tn","2021","112"
"inactive","tn","2021",""
"active","tn","2021","2"
"active","tn","2021","150"
"inactive","tn","2021",""
"active","tn","2021","173"
"inactive","tn","2021",""
"active","tn","2021","43"
"active","tn","2021","4"
"inactive","nc","2021",""
"inactive","nc","2021",""
"inactive","nc","2021",""
"active","nc","2021","1"
"active","nc","2021","35"
"inactive","nc","2021",""
"active","nc","2021","528"
"inactive","nc","2021",""
"active","nc","2021","1"
"inactive","nc","2021",""
"inactive","nc","2021",""
"active","nc","2021","469"
"inactive","nc","2021",""
"active","nc","2021","3"
"inactive","nc","2021",""
"active","nc","2021","38"
"active","nc","2021","142"
"inactive","nc","2021",""
"active","nc","2021","2"
"inactive","nc","2021",""
"active","nc","2021","5"
"active","nc","2021","0"
"inactive","nc","2021",""
"active","nc","2021","36"
"active","nc","2021","47"
"active","nc","2021","1"
"active","nc","2021","1"
"inactive","nc","2021",""
"active","nc","2021",""
"inactive","nc","2021",""
"active","nc","2021",""
"active","nc","2021","154"
"active","nc","2021","1"
"active","ms","2021","29"
"active","ms","2021","449"
"active","ms","2021","43"
"inactive","ms","2021",""
"active","ms","2021","45"
"inactive","ms","2021",""
"active","ms","2021","453"
"active","ky","2021","159"
"inactive","ky","2021",""
"active","ky","2021","2"
"active","ky","2021","6"
"inactive","ky","2021",""
"active","ky","2021","127"
"active","ky","2021","190"
"active","ky","2021","4"
"active","ky","2021","5"
"active","ky","2021","56"
"active","ky","2021","1"
"active","ga","2021","16"
"active","ga","2021","414"
"inactive","ga","2021",""
"active","ga","2021","427"
"active","ga","2021","18"
"active","ga","2021","27"
"active","ga","2021","86"
"inactive","ga","2021",""
"active","ga","2021","25"
"inactive","ga","2021",""
"active","ga","2021","505"
"active","ga","2021",""
"active","ga","2021",""
"active","ga","2021","90"
"inactive","ga","2021",""
"active","ga","2021","369"
"inactive","ga","2021",""
"active","ga","2021","1"
"inactive","ga","2021",""
"active","fl","2021","62"
"inactive","fl","2021",""
"active","fl","2021","1"
"inactive","fl","2021",""
"inactive","fl","2021",""
"active","fl","2021","228"
"active","fl","2021","9"
"active","fl","2021","24"
"active","fl","2021","9"
"active","fl","2021","399"
"active","fl","2021","134"
"inactive","fl","2021",""
"active","fl","2021","1"
"inactive","fl","2021",""
"inactive","fl","2021","18"
"active","fl","2021","580"
"inactive","fl","2021",""
"active","fl","2021","14"
"active","fl","2021","127"
"active","fl","2021","37"
"active","fl","2021","2"
"active","fl","2021","14"
"active","fl","2021","65"
"active","fl","2021","7"
"active","fl","2021","526"
"active","fl","2021","31"
"active","fl","2021","146"
"active","fl","2021","55"
"active","fl","2021","16"
"active","fl","2021","2"
"inactive","fl","2021",""
"inactive","fl","2021",""
"active","fl","2021","15"
"inactive","fl","2021",""
"active","fl","2021","354"
"active","fl","2021","1"
"active","fl","2021","9"
"active","fl","2021","32"
"active","fl","2021","3"
"active","fl","2021","3"
"active","fl","2021","306"
"inactive","fl","2021",""
"active","fl","2021","530"
"active","fl","2021","12"
"active","fl","2021","75"
"active","fl","2021","456"
"active","fl","2021","263"
"active","fl","2021","26"
"active","fl","2021","38"
"active","fl","2021","22"
"active","fl","2021","1"
"active","fl","2021","13"
"active","fl","2021","696"
"inactive","fl","2021",""
"active","fl","2021","5"
"inactive","fl","2021",""
"active","fl","2021","97"
"active","fl","2021","675"
"inactive","fl","2021",""
"inactive","fl","2021",""
"active","fl","2021","1"
"active","fl","2021","251"
"inactive","fl","2021",""
"active","fl","2021","323"
"active","fl","2021","5"
"active","fl","2021","20"
"active","fl","2021","287"
"active","fl","2021","134"
"active","fl","2021","8"
"inactive","fl","2021",""
"active","fl","2021","9"
"active","fl","2021","735"
"inactive","fl","2021",""
"active","al","2021","91"
"inactive","al","2021",""
"active","al","2021","1"
"inactive","al","2021",""
"active","al","2021","51"
"active","al","2021","452"
"active","al","2021","15"
"inactive","al","2021",""
"active","al","2021","308"
"active","al","2021",""
"active","al","2021",""
"inactive","fl","2021",""
"inactive","fl","2021",""
"active","fl","2021","190"
"active","fl","2021","1"
"active","fl","2021","280"
"active","ga","2021","3"
"active","ga","2021","627"
"active","nc","2021","37"
"active","nc","2021","1"
"inactive","nc","2021",""
"active","sc","2021","7"
"active","sc","2021","558"
"active","tn","2021",""
"active","tn","2021",""
"active","sc","2021",""
"active","sc","2021",""
"active","tn","2021","27"
"active","tn","2021","306"
"active","ga","2021","20"
"active","ga","2021","78"
"active","fl","2021","61"
"inactive","fl","2021",""
"active","fl","2021","1"
"active","fl","2021","30"
"active","al","2021","44"
"active","al","2021","5"
"active","pr","2012","982"
"active","al","2021","71"
"inactive","al","2021",""
"active","al","2021","478"
"active","al","2021",""
"inactive","al","2021",""
"active","al","2021",""
"inactive","al","2021",""
"active","fl","2021","39"
"inactive","fl","2021",""
"inactive","fl","2021",""
"active","fl","2021","551"
"active","fl","2021","2"
"active","fl","2021","281"
"active","ga","2021","35"
"active","ga","2021","68"
"active","ga","2021","1"
"active","tn","2021",""
"active","tn","2021",""
"active","ga","2021","2"
"active","ga","2021","8"
"active","ga","2021","15"
"inactive","ga","2021","0"
"inactive","fl","2009",""
"inactive","fl","2009","420"
"inactive","fl","2009",""
"active","pr","2021","36"
"active","pr","2021","839"
"active","nc","2021","115"
"inactive","nc","2021",""
"active","nc","2021","4"
"inactive","sc","2014",""
"inactive","sc","2014","146"
"active","tn","2021",""
"active","tn","2021",""
"active","nc","2021","161"
"active","nc","2021","1"
"active","pr","2021","133"
"active","pr","2021","836"
"active","pr","2021","409"
"active","fl","2021",""
"inactive","fl","2021",""
"active","sc","2021","2"
"active","sc","2021","10"
"active","sc","2021","86"
"inactive","sc","2021",""
"active","sc","2021",""
"active","sc","2021",""
"active","sc","2021",""
"active","al","2021",""
"active","al","2021",""
"active","al","2021",""
"inactive","fl","2021",""
"active","fl","2021","24"
"inactive","fl","2021",""
"active","fl","2021","1"
"active","pr","2021","5"
"active","nc","2021","28"
"active","nc","2021","1"
"active","nc","2021","48"
"inactive","nc","2021",""
"active","nc","2021","24"
"active","sc","2021","63"
"active","sc","2021","62"
"active","sc","2021","1"
"inactive","al","2016",""
"inactive","fl","2011","20"
"inactive","fl","2011","9"
"active","fl","2021",""
"inactive","fl","2021",""
"active","fl","2021",""
"active","pr","2021",""
"active","pr","2021",""
"inactive","fl","2017","49"
"inactive","fl","2017","344"
"inactive","fl","2017","220"
"inactive","fl","2017",""
"active","fl","2021","40"
"active","fl","2021","53"
"active","fl","2021","1"
"active","fl","2021","59"
"inactive","fl","2021",""
"inactive","fl","2021",""
"active","ga","2021",""
"inactive","ga","2021",""
"active","ga","2021",""
"inactive","nc","2021",""
"inactive","ga","2017","1"
"inactive","ga","2017",""
"inactive","ga","2017",""
"inactive","ga","2017",""
"inactive","ga","2017",""
"active","ga","2021","80"
"active","ga","2021","20"
"inactive","ga","2021",""
"active","ga","2021","728"
"active","fl","2021","75"
"active","fl","2021","574"
"active","sc","2021","1"
"active","sc","2021","49"
"active","sc","2021","5"
"inactive","sc","2021",""
"active","sc","2021","2"
"active","sc","2021","31"
"inactive","ga","2007","56"
"inactive","ga","2007",""
"active","nc","2021",""
"active","nc","2021",""
"active","ga","2021",""
"active","ga","2021",""
"active","fl","2021",""
"active","fl","2021",""
"active","nc","2021","480"
"inactive","fl","2014","55"
"inactive","fl","2017","529"
"inactive","ga","2017","308"
"inactive","fl","2021",""
"inactive","fl","2021",""
"inactive","ga","2010","17"
"inactive","ga","2010",""
"inactive","ga","2010","1"
"inactive","ga","2010",""
"active","fl","2021","63"
"active","fl","2021","183"
"active","tn","2021","28"
"active","tn","2021","34"
"inactive","tn","2021",""
"inactive","tn","2021",""
"active","tn","2021","18"
"active","ga","2021",""
"active","al","2021","46"
"active","tn","2021",""
"active","tn","2021",""
"active","tn","2021","90"
"active","nc","2021","41"
"inactive","nc","2021",""
"active","nc","2021","89"
"active","nc","2021","214"
"inactive","nc","2021",""
"active","nc","2021","68"
"active","pr","2021","264"
"active","pr","2021","170"
"inactive","ga","2014",""
"active","tn","2021","80"
"inactive","fl","2015",""
"inactive","fl","2015","2"
"active","ga","2021","0"
"active","ga","2021","885"
"inactive","ky","2021",""
"inactive","ky","2021",""
"active","fl","2021","38"
"active","fl","2021","329"
"inactive","tn","2021",""
"active","tn","2021",""
"active","vi","2021",""
"active","vi","2021",""
"active","tn","2021",""
"active","ky","2021","70"
"active","ky","2021","0"
"active","ky","2021","4"
"active","fl","2021","6"
"active","fl","2021","3"
"active","fl","2021","63"
"active","ky","2021","30"
"active","fl","2021","231"
"inactive","ga","2018","731"
"active","tn","2021",""
"active","tn","2021",""
"active","sc","2021","237"
"active","al","2021",""
"active","nc","2021","123"
"active","nc","2021","70"
"active","nc","2021","22"
"active","nc","2021","20"
"active","nc","2021","252"
"inactive","ga","2018","387"
"active","fl","2021","623"
"active","sc","2021","83"
"inactive","fl","2017","86"
"inactive","fl","2017","42"
"inactive","tn","2019","67"
"inactive","fl","2019","19"
"inactive","fl","2017","440"
"inactive","ga","2020","1"
"inactive","ga","2020","544"
"active","al","2021","109"
"inactive","al","2021",""
"active","al","2021","70"
"active","tn","2021","102"
"active","fl","2021",""
"active","ky","2021","86"
"active","fl","2021","59"
"active","fl","2021","432"
"active","ga","2021","191"
"active","ga","2021","253"
"active","fl","2021","28"
"active","fl","2021","99"
"active","wi","2021","114"
"active","wi","2021","541"
"active","wi","2021","2"
"active","wi","2021","28"
"active","wi","2021","495"
"active","wi","2021","21"
"inactive","wi","2021",""
"active","wi","2021","1"
"active","wi","2021","19"
"active","wi","2021","14"
"active","wi","2021","510"
"inactive","wi","2021",""
"inactive","wi","2021",""
"inactive","wi","2021",""
"active","wi","2021","67"
"active","wi","2021","5"
"active","wi","2021","26"
"active","wi","2021","28"
"inactive","wi","2021",""
"active","wi","2021","463"
"inactive","wi","2021",""
"active","wi","2021","269"
"inactive","wi","2021",""
"inactive","wi","2021",""
"active","wi","2021","15"
"inactive","wi","2021",""
"inactive","wi","2021",""
"active","wi","2021","48"
"active","wi","2021","468"
"active","wi","2021","4"
"inactive","oh","2021",""
"active","oh","2021","126"
"active","oh","2021","48"
"inactive","oh","2021",""
"active","oh","2021","2"
"active","oh","2021","100"
"active","oh","2021","1"
"active","oh","2021","130"
"inactive","oh","2021",""
"active","oh","2021","9"
"inactive","oh","2021",""
"active","oh","2021","208"
"active","oh","2021","182"
"active","oh","2021","2"
"active","oh","2021","465"
"active","oh","2021","11"
"active","oh","2021","1"
"inactive","oh","2021",""
"active","oh","2021","50"
"active","oh","2021","191"
"active","oh","2021","8"
"active","oh","2021","172"
"inactive","oh","2021",""
"active","oh","2021","3"
"inactive","oh","2021",""
"active","oh","2021","1"
"active","oh","2021",""
"active","oh","2021",""
"inactive","oh","2021",""
"active","oh","2021",""
"inactive","oh","2021",""
"active","oh","2021",""
"active","oh","2021","40"
"active","oh","2021","344"
"active","oh","2021","166"
"inactive","oh","2021",""
"active","oh","2021","65"
"active","oh","2021","1"
"active","oh","2021","42"
"active","oh","2021","900"
"active","mn","2021","22"
"inactive","mn","2021",""
"active","mn","2021","1"
"active","mn","2021","6"
"active","mn","2021","363"
"active","mn","2021","50"
"active","mn","2021","10"
"active","mn","2021","22"
"active","mn","2021","8"
"active","mn","2021","101"
"active","mn","2021","677"
"active","mi","2021","51"
"active","mi","2021","45"
"active","mi","2021",""
"active","mi","2021",""
"active","mi","2021","188"
"active","mi","2021","60"
"active","mi","2021","3"
"inactive","mi","2021",""
"active","mi","2021","392"
"active","mi","2021","2"
"active","mi","2021","1"
"active","mi","2021",""
"active","mi","2021","200"
"inactive","mi","2021",""
"active","mi","2021","3"
"active","mi","2021","367"
"active","mi","2021","7"
"active","mi","2021","25"
"inactive","mi","2021",""
"active","mi","2021","261"
"inactive","mi","2021",""
"active","mi","2021","85"
"active","mi","2021","1"
"inactive","mi","2021",""
"active","mi","2021","79"
"active","mi","2021","165"
"active","mi","2021","2"
"inactive","mi","2021",""
"active","mi","2021",""
"active","mi","2021",""
"inactive","mi","2021",""
"inactive","mi","2021",""
"inactive","mi","2021",""
"inactive","mi","2021",""
"active","mi","2021","37"
"active","mi","2021","211"
"inactive","mi","2021",""
"active","mi","2021","0"
"inactive","mi","2021","53"
"active","mi","2021","33"
"active","mi","2021","12"
"active","mi","2021","1"
"inactive","mi","2021",""
"active","mi","2021","139"
"active","in","2021",""
"active","in","2021",""
"active","in","2021",""
"active","in","2021",""
"active","in","2021","35"
"active","in","2021","686"
"active","in","2021","57"
"active","in","2021","1"
"active","in","2021","14"
"active","in","2021","424"
"active","il","2021","55"
"active","il","2021","1"
"inactive","in","2009","2"
"inactive","in","2021",""
"active","in","2021","137"
"inactive","in","2021","6"
"inactive","in","2021","25"
"active","in","2021","4"
"active","in","2021","4"
"active","in","2021","866"
"active","in","2021","29"
"active","in","2021","2"
"active","in","2021","51"
"active","in","2021","937"
"active","in","2021","10"
"active","in","2021","118"
"active","in","2021","35"
"active","in","2021","712"
"active","il","2021","89"
"active","il","2021","1"
"inactive","il","2021",""
"active","il","2021","28"
"active","il","2021","11"
"active","il","2021","33"
"active","il","2021","1"
"inactive","il","2021",""
"inactive","il","2021",""
"active","il","2021","98"
"inactive","il","2021",""
"active","il","2021","729"
"active","il","2021","63"
"active","il","2021","973"
"active","il","2021","25"
"active","il","2021","14"
"active","il","2021","3"
"inactive","il","2021",""
"active","il","2021","12"
"inactive","il","2021",""
"inactive","il","2021",""
"active","il","2021","800"
"inactive","il","2021",""
"active","il","2021","78"
"active","il","2021","117"
"active","wi","2021",""
"inactive","wi","2021",""
"active","wi","2021",""
"active","oh","2021",""
"active","oh","2021",""
"active","wi","2021",""
"inactive","wi","2021",""
"active","wi","2021",""
"active","mn","2021","17"
"active","mn","2021","5"
"active","mn","2021","743"
"active","oh","2021",""
"inactive","oh","2021",""
"active","oh","2021",""
"inactive","wi","2002","13"
"inactive","wi","2002","560"
"active","oh","2021",""
"active","oh","2021",""
"active","wi","2021","14"
"active","wi","2021","7"
"active","wi","2021","1"
"active","wi","2021","317"
"active","wi","2021","94"
"active","wi","2021","26"
"active","wi","2021","432"
"inactive","wi","2021",""
"inactive","in","2009","8"
"inactive","in","2009","188"
"active","in","2021",""
"inactive","in","2021",""
"inactive","in","2021",""
"active","in","2021","1"
"active","wi","2021",""
"active","wi","2021",""
"active","wi","2021",""
"active","wi","2021",""
"active","in","2021","22"
"inactive","in","2021",""
"active","in","2021","1"
"active","il","2021","23"
"active","il","2021","495"
"active","il","2021","35"
"active","il","2021","11"
"active","il","2021","406"
"active","il","2021","298"
"active","oh","2021","37"
"active","oh","2021","193"
"inactive","oh","2021",""
"active","oh","2021","204"
"active","il","2021","6"
"active","il","2021","7"
"active","mi","2021","248"
"inactive","mi","2021",""
"inactive","mi","2021",""
"active","mi","2021","8"
"active","in","2021",""
"active","mi","2021",""
"active","mi","2021",""
"active","wi","2021",""
"inactive","oh","2012",""
"inactive","oh","2012",""
"inactive","mi","2021",""
"active","mi","2021","998"
"inactive","oh","2016","28"
"inactive","oh","2016",""
"active","in","2021","82"
"inactive","in","2021",""
"inactive","in","2021",""
"active","in","2021","146"
"active","il","2021","27"
"active","il","2021","983"
"active","il","2021","29"
"inactive","il","2021",""
"inactive","mi","2008","121"
"inactive","mi","2008","99"
"active","mi","2021","5"
"active","mi","2021","137"
"active","mi","2021","108"
"active","mi","2021","382"
"active","in","2021","27"
"inactive","in","2021",""
"active","in","2021","332"
"inactive","mn","2021",""
"active","mn","2021","1"
"active","mn","2021","1"
"active","mn","2021","56"
"inactive","mn","2018","2"
"inactive","oh","2021",""
"active","oh","2021","46"
"active","oh","2021","256"
"active","mi","2021","1"
"active","il","2021","18"
"active","il","2021","9"
"active","il","2021","490"
"active","wi","2021","16"
"active","wi","2021","68"
"inactive","wi","2021",""
"inactive","wi","2021",""
"active","wi","2021","2"
"active","wi","2021","72"
"inactive","wi","2021",""
"inactive","wi","2021",""
"active","oh","2021","60"
"inactive","oh","2021",""
"inactive","oh","2011","145"
"active","oh","2021","85"
"active","oh","2021","11"
"active","oh","2021","31"
"active","oh","2021","9"
"active","in","2021",""
"inactive","mi","2009","61"
"inactive","mi","2009",""
"active","oh","2021","38"
"inactive","wi","2021",""
"active","wi","2021",""
"active","wi","2021",""
"active","wi","2021",""
"active","wi","2021",""
"inactive","il","2021",""
"active","il","2021",""
"active","il","2021",""
"inactive","il","2021",""
"inactive","oh","2011",""
"active","il","2021","24"
"active","il","2021","290"
"active","in","2021",""
"active","mi","2021",""
"inactive","mi","2011",""
"active","il","2021","2"
"active","il","2021","190"
"active","in","2021",""
"active","in","2021",""
"active","mi","2021","52"
"inactive","mi","2021",""
"active","mi","2021","77"
"inactive","mi","2021",""
"inactive","oh","2021",""
"active","oh","2021",""
"inactive","mi","2011","1"
"inactive","il","2013",""
"inactive","il","2013",""
"active","oh","2021","24"
"inactive","in","2011","22"
"inactive","in","2011",""
"inactive","in","2011","16"
"inactive","in","2011","294"
"active","mi","2021","203"
"inactive","oh","2018","58"
"active","oh","2021","28"
"active","oh","2021","3"
"active","oh","2021","32"
"active","oh","2021","72"
"inactive","oh","2021","0"
"active","il","2021","53"
"inactive","in","2021",""
"active","in","2021","21"
"active","in","2021","59"
"active","il","2021","413"
"active","mi","2021","6"
"inactive","mi","2021","0"
"active","in","2021","32"
"active","mn","2021","121"
"active","mn","2021","255"
"active","mn","2021","32"
"active","mn","2021","55"
"active","mn","2021","24"
"inactive","mn","2021",""
"active","mn","2021","62"
"active","mn","2021","147"
"active","mn","2021","35"
"active","mn","2021","584"
"active","il","2021","10"
"active","mi","2021","53"
"active","mi","2021","116"
"active","oh","2021","308"
"active","wi","2021","301"
"active","tx","2021",""
"active","tx","2021",""
"inactive","tx","2021",""
"active","tx","2021","182"
"inactive","tx","2021",""
"active","tx","2021","3"
"active","tx","2021","4"
"active","tx","2021","304"
"active","tx","2021","80"
"active","tx","2021","133"
"active","tx","2021","2"
"active","tx","2021",""
"active","tx","2021","129"
"active","tx","2021","1"
"active","tx","2021","302"
"active","tx","2021","1"
"active","tx","2021","172"
"active","tx","2021","8"
"active","tx","2021","26"
"active","tx","2021","6"
"active","tx","2021","231"
"active","tx","2021","275"
"inactive","tx","2021",""
"active","tx","2021","22"
"active","tx","2021","1"
"active","tx","2021","92"
"inactive","tx","2021",""
"active","tx","2021","946"
"inactive","tx","2021",""
"active","tx","2021","236"
"active","tx","2021","414"
"active","tx","2021","32"
"active","tx","2021","23"
"inactive","tx","2021",""
"active","tx","2021","270"
"active","tx","2021","64"
"active","tx","2021","486"
"active","tx","2021",""
"active","tx","2021",""
"inactive","tx","2021",""
"inactive","tx","2021",""
"active","tx","2021","18"
"active","tx","2021","603"
"inactive","tx","2021",""
"inactive","tx","2021",""
"active","tx","2021",""
"inactive","tx","2021",""
"active","tx","2021",""
"active","tx","2021",""
"inactive","tx","2021",""
"inactive","tx","2021",""
"active","tx","2021","19"
"inactive","tx","2021",""
"active","tx","2021","299"
"active","ok","2021","43"
"inactive","ok","2021",""
"inactive","ok","2021",""
"active","ok","2021","0"
"active","ok","2021","1"
"inactive","ok","2021",""
"active","ok","2021","246"
"active","ok","2021","0"
"inactive","ok","2021",""
"active","ok","2021","69"
"inactive","ok","2021",""
"active","ok","2021","1"
"active","ok","2021","36"
"active","nm","2021","90"
"active","nm","2021","2"
"active","nm","2021","1"
"inactive","la","2015","857"
"inactive","la","2015","426"
"active","la","2021","52"
"active","la","2021","1"
"inactive","la","2021",""
"active","la","2021","58"
"inactive","la","2021",""
"active","la","2021","1"
"active","la","2021",""
"active","la","2021",""
"active","la","2021",""
"active","la","2021",""
"active","la","2021","142"
"inactive","la","2021",""
"active","la","2021","626"
"inactive","la","2021",""
"active","la","2021","4"
"inactive","la","2021",""
"active","la","2021","2"
"inactive","la","2021",""
"active","ar","2021","97"
"active","ar","2021","30"
"inactive","ar","2021",""
"active","ar","2021","1"
"active","ar","2021","22"
"active","ar","2021","7"
"inactive","tx","2006","24"
"inactive","tx","2006","147"
"active","la","2021","28"
"active","la","2021","751"
"inactive","la","2021",""
"active","tx","2021",""
"active","tx","2021",""
"inactive","tx","2021",""
"active","tx","2021","30"
"active","tx","2021",""
"active","tx","2021","355"
"inactive","tx","2021","66"
"inactive","tx","2021",""
"inactive","tx","2021",""
"active","tx","2021","45"
"inactive","tx","2021",""
"inactive","tx","2021",""
"active","tx","2021","487"
"inactive","tx","2021",""
"inactive","tx","2021",""
"active","tx","2021","15"
"inactive","tx","2021",""
"active","tx","2021","235"
"active","tx","2021","256"
"active","nm","2021",""
"active","nm","2021",""
"inactive","tx","2021",""
"active","tx","2021","136"
"inactive","tx","2021",""
"active","tx","2021","2"
"active","tx","2021","177"
"inactive","tx","2021",""
"active","tx","2021","64"
"inactive","tx","2008","116"
"inactive","tx","2008","19"
"active","tx","2021","795"
"inactive","tx","2021",""
"active","tx","2021","578"
"active","tx","2021","2"
"active","tx","2021","14"
"active","tx","2021","19"
"inactive","tx","2021",""
"active","tx","2021","115"
"inactive","tx","2021",""
"active","tx","2021","24"
"inactive","tx","2021",""
"active","tx","2021","61"
"active","tx","2021","218"
"inactive","tx","2021",""
"inactive","tx","2021",""
"active","ar","2021",""
"active","ar","2021",""
"active","tx","2021",""
"inactive","tx","2021",""
"active","ar","2021",""
"active","ar","2021",""
"active","nm","2021","21"
"inactive","nm","2021",""
"active","nm","2021","283"
"inactive","nm","2021",""
"active","la","2021",""
"active","la","2021",""
"inactive","tx","2021",""
"inactive","tx","2021",""
"inactive","tx","2021",""
"inactive","tx","2021",""
"inactive","tx","2021",""
"inactive","tx","2017","229"
"inactive","tx","2004","825"
"active","ar","2021",""
"active","ar","2021",""
"active","la","2021","48"
"active","la","2021","1"
"inactive","tx","2021",""
"active","tx","2021","14"
"inactive","tx","2021",""
"active","tx","2021","206"
"inactive","tx","2021",""
"active","tx","2021","95"
"active","tx","2021","183"
"inactive","tx","2008","728"
"inactive","tx","2008",""
"active","tx","2021",""
"active","ok","2021",""
"active","ok","2021",""
"active","tx","2021","83"
"active","tx","2021","34"
"active","tx","2021","141"
"inactive","ok","2019",""
"inactive","ok","2019",""
"active","tx","2021",""
"active","tx","2021",""
"inactive","tx","2021",""
"active","tx","2021",""
"active","tx","2021",""
"inactive","tx","2021",""
"active","tx","2021","23"
"active","tx","2021","13"
"active","tx","2021","10"
"active","tx","2021","686"
"active","tx","2021","216"
"active","tx","2021","113"
"active","tx","2021","48"
"active","tx","2021","159"
"active","tx","2021","80"
"active","tx","2021","79"
"inactive","tx","2021",""
"active","ar","2021",""
"active","ar","2021",""
"inactive","tx","2021",""
"inactive","tx","2021",""
"inactive","tx","2021",""
"active","tx","2021","38"
"inactive","tx","2021",""
"inactive","tx","2021",""
"active","tx","2021","2"
"inactive","tx","2021",""
"active","tx","2021","62"
"active","tx","2021","142"
"active","tx","2012",""
"active","tx","2012",""
"inactive","nm","2021",""
"active","nm","2021","7"
"active","nm","2021","40"
"active","nm","2021","26"
"inactive","nm","2021",""
"active","nm","2021","6"
"inactive","nm","2021",""
"active","tx","2021",""
"inactive","tx","2021",""
"inactive","tx","2021",""
"active","tx","2021","96"
"active","tx","2021","30"
"active","tx","2021",""
"inactive","tx","2021",""
"active","tx","2021",""
"inactive","tx","2015","221"
"active","la","2021","4"
"active","la","2021","448"
"active","tx","2021","115"
"active","tx","2021","677"
"active","tx","2021","130"
"active","tx","2021","121"
"inactive","tx","2021",""
"active","tx","2021","803"
"active","nm","2021","87"
"active","ne","2021","64"
"inactive","ne","2021",""
"inactive","ne","2021",""
"active","ne","2021","1"
"active","ne","2021","70"
"inactive","ne","2021",""
"inactive","ne","2021",""
"active","ne","2021","2"
"active","mo","2021","14"
"active","mo","2021","773"
"active","mo","2021","43"
"active","mo","2021","59"
"active","mo","2021","195"
"active","mo","2021","8"
"active","mo","2021","707"
"inactive","mo","2021",""
"active","mo","2021","31"
"active","mo","2021","411"
"active","mo","2021","5"
"active","mo","2021","11"
"active","ia","2021",""
"active","ia","2021",""
"active","ia","2021",""
"active","ia","2021","14"
"active","ia","2021","556"
"inactive","ia","2021",""
"active","ia","2021",""
"inactive","ia","2021",""
"active","ia","2021","49"
"inactive","ia","2021",""
"active","ia","2021","2"
"active","ia","2021","1"
"active","ia","2021","81"
"active","ia","2021",""
"inactive","ia","2021",""
"active","ia","2021",""
"active","ia","2021","21"
"active","ia","2021","520"
"active","ia","2021",""
"inactive","ia","2021",""
"active","ia","2021",""
"active","ks","2021","12"
"active","ks","2021","5"
"active","ks","2021","17"
"active","ks","2021","767"
"active","ks","2021","73"
"inactive","ks","2021",""
"active","ks","2021","768"
"inactive","ks","2021",""
"active","mo","2021","34"
"active","mo","2021","500"
"inactive","ia","2021",""
"active","ia","2021","525"
"active","ia","2021","2"
"inactive","ia","2021",""
"active","ia","2021","1"
"inactive","ia","2021",""
"active","ia","2021","191"
"active","mo","2021",""
"inactive","ks","2009","50"
"inactive","ks","2009","499"
"active","ks","2021","11"
"active","ks","2021","42"
"active","ks","2021","33"
"active","ks","2021","145"
"inactive","mo","2007","749"
"inactive","ia","2021",""
"inactive","ia","2021",""
"active","ia","2021","1"
"inactive","ia","2021",""
"active","mo","2021",""
"active","mo","2021",""
"inactive","ks","2021",""
"active","ks","2021","257"
"active","ia","2021","34"
"inactive","ia","2021",""
"active","ks","2021",""
"active","ks","2021",""
"active","ks","2021","57"
"active","ks","2021","581"
"active","ia","2021","54"
"inactive","ia","2021","37"
"active","ia","2021",""
"inactive","ia","2021","3"
"active","ia","2021","56"
"active","ia","2021",""
"active","ia","2021",""
"active","ia","2021",""
"active","mo","2021","598"
"active","ne","2021","92"
"active","ut","2021","429"
"active","ut","2021","2"
"active","ut","2021","156"
"active","ut","2021","145"
"inactive","ut","2021",""
"active","ut","2021","8"
"active","ut","2021","12"
"active","ut","2021","73"
"active","ut","2021","587"
"inactive","ut","2021",""
"active","sd","2021","50"
"inactive","sd","2021",""
"active","sd","2021","389"
"inactive","sd","2021",""
"active","nd","2021","52"
"active","nd","2021","782"
"active","mt","2021","23"
"active","mt","2021","284"
"active","co","2021","92"
"active","co","2021","517"
"inactive","co","2021",""
"active","co","2021","1"
"active","co","2021","9"
"active","co","2021","763"
"active","co","2021","5"
"inactive","co","2021",""
"active","co","2021","605"
"active","co","2021","10"
"active","co","2021","20"
"active","co","2021","10"
"inactive","co","2021",""
"active","co","2021","35"
"active","co","2021","434"
"active","nd","2021","51"
"inactive","nd","2021",""
"active","nd","2021","174"
"active","mt","2021","30"
"active","mt","2021","767"
"active","co","2021",""
"active","co","2021",""
"inactive","co","2021",""
"active","co","2021","5"
"active","co","2021","23"
"active","co","2021","994"
"active","co","2021","6"
"active","co","2021","437"
"inactive","co","2021",""
"active","mt","2021","34"
"inactive","mt","2021",""
"active","mt","2021","235"
"active","wy","2021",""
"inactive","wy","2021",""
"active","wy","2021",""
"inactive","wy","2021",""
"active","sd","2021",""
"active","sd","2021",""
"active","co","2021",""
"active","co","2021",""
"active","nd","2021",""
"active","nd","2021",""
"active","wy","2021",""
"inactive","wy","2021",""
"inactive","ut","2007","16"
"inactive","ut","2007","1"
"inactive","co","2021",""
"active","co","2021","6"
"active","co","2021","72"
"active","ut","2021","18"
"inactive","ut","2021",""
"active","ut","2021","717"
"inactive","ut","2021",""
"active","co","2021","10"
"active","mt","2021","35"
"inactive","co","2010","129"
"inactive","co","2021",""
"active","co","2021","73"
"active","co","2021","109"
"active","nv","2021","17"
"active","nv","2021","121"
"inactive","nv","2021",""
"inactive","nv","2021",""
"active","nv","2021","5"
"active","nv","2021","507"
"inactive","hi","2021",""
"active","hi","2021","679"
"active","hi","2021","47"
"inactive","hi","2021",""
"inactive","hi","2021",""
"active","hi","2021","27"
"inactive","hi","2021","173"
"inactive","ca","2021",""
"active","ca","2021","17"
"active","ca","2021","112"
"active","ca","2021","601"
"active","ca","2021","78"
"active","ca","2021","2"
"active","ca","2021","46"
"active","ca","2021","38"
"inactive","ca","2021",""
"inactive","ca","2021",""
"active","ca","2021","861"
"inactive","ca","2021","51"
"inactive","ca","2021","36"
"inactive","ca","2021","1"
"active","ca","2021","1"
"active","ca","2021","11"
"inactive","ca","2021",""
"active","ca","2021","5"
"active","ca","2021","108"
"active","ca","2021","14"
"active","ca","2021","3"
"active","ca","2021","1"
"inactive","ca","2021",""
"active","ca","2021","21"
"active","ca","2021","1"
"inactive","ca","2021",""
"active","ca","2021",""
"inactive","ca","2021","32"
"active","ca","2021",""
"active","ca","2021","16"
"inactive","ca","2021","24"
"active","ca","2021","1"
"inactive","ca","2021","110"
"inactive","ca","2021",""
"active","ca","2021","173"
"inactive","ca","2021",""
"active","ca","2021","2"
"active","ca","2021","9"
"active","ca","2021","27"
"active","ca","2021","67"
"inactive","ca","2021",""
"active","ca","2021","199"
"active","ca","2021","18"
"active","ca","2021","93"
"active","ca","2021","2"
"active","ca","2021","0"
"active","ca","2021","114"
"inactive","ca","2021",""
"active","ca","2021","3"
"active","ca","2021","40"
"active","ca","2021","0"
"active","ca","2021","17"
"active","ca","2021","10"
"active","ca","2021","89"
"active","ca","2021","651"
"inactive","ca","2021",""
"active","ca","2021","17"
"active","ca","2021","766"
"active","ca","2021","4"
"active","ca","2021","305"
"inactive","ca","2021",""
"active","ca","2021",""
"active","ca","2021","3"
"active","ca","2021","3"
"inactive","ca","2021",""
"inactive","ca","2021",""
"active","ca","2021","2"
"inactive","ca","2021",""
"inactive","ca","2021",""
"active","ca","2021","4"
"inactive","ca","2021",""
"active","ca","2021","695"
"inactive","ca","2021",""
"active","ca","2021","14"
"inactive","ca","2021",""
"inactive","ca","2021",""
"active","ca","2021","14"
"inactive","ca","2021",""
"active","ca","2021","11"
"active","ca","2021","34"
"active","ca","2021","92"
"active","ca","2021","14"
"active","ca","2021","19"
"active","ca","2021","8"
"active","ca","2021","10"
"active","ca","2021","96"
"active","ca","2021","5"
"inactive","ca","2012",""
"inactive","ca","2012","668"
"inactive","ca","2012",""
"active","ca","2021","66"
"active","ca","2021","3"
"active","ca","2021","90"
"active","ca","2021",""
"active","ca","2021","162"
"active","ca","2021","57"
"inactive","ca","2021",""
"inactive","ca","2021",""
"inactive","ca","2021",""
"active","ca","2021","3"
"active","ca","2021",""
"active","ca","2021","1"
"active","ca","2021","97"
"inactive","ca","2021",""
"active","ca","2021","95"
"inactive","ca","2021",""
"active","ca","2021","2"
"active","ca","2021","451"
"inactive","az","2021",""
"active","az","2021","273"
"active","az","2021","38"
"inactive","az","2021",""
"active","az","2021","291"
"inactive","az","2021",""
"active","az","2021","10"
"inactive","az","2021",""
"active","az","2021","438"
"active","az","2021","43"
"inactive","az","2021",""
"inactive","az","2021",""
"active","az","2021","61"
"inactive","az","2021",""
"active","ca","2021","61"
"active","ca","2021","1"
"active","ca","2021","0"
"active","ca","2021","0"
"active","ca","2021","321"
"active","ca","2021","164"
"active","ca","2021","14"
"active","ca","2021","5"
"active","ca","2021","241"
"active","ca","2021","1"
"inactive","ca","2021",""
"active","ca","2021","1"
"inactive","ca","2021",""
"inactive","ca","2021",""
"inactive","ca","2021",""
"active","ca","2021","33"
"active","ca","2021","1"
"active","ca","2021","13"
"active","ca","2021","5"
"inactive","ca","2021",""
"active","ca","2021","1"
"active","ca","2021","5"
"active","ca","2021","108"
"active","ca","2021",""
"inactive","nv","2021",""
"inactive","nv","2021",""
"active","nv","2021","915"
"active","nv","2021","33"
"inactive","nv","2021",""
"active","ca","2021",""
"active","ca","2021",""
"active","ca","2021",""
"active","ca","2021",""
"inactive","ca","2007","33"
"active","ca","2021","20"
"active","ca","2021","20"
"active","ca","2021","307"
"inactive","ca","2021",""
"inactive","ca","2021",""
"active","ca","2021","107"
"active","ca","2021","1"
"active","ca","2021","135"
"active","ca","2021","35"
"active","ca","2021","1"
"active","ca","2021","203"
"active","ca","2021","71"
"active","ca","2021","2"
"active","ca","2021","16"
"active","ca","2021","26"
"active","ca","2021","15"
"active","ca","2021","226"
"active","ca","2021","48"
"active","ca","2021","78"
"active","ca","2021","187"
"active","ca","2021","23"
"inactive","ca","2021",""
"active","ca","2021","345"
"active","ca","2021","15"
"active","ca","2021","408"
"active","ca","2021","7"
"active","ca","2021","15"
"active","ca","2021","563"
"active","ca","2021","85"
"active","ca","2021","6"
"inactive","ca","2021",""
"active","ca","2021","218"
"active","ca","2021","15"
"inactive","ca","2021",""
"active","ca","2021","289"
"active","ca","2021","365"
"active","ca","2021","861"
"inactive","ca","2021",""
"active","ca","2021","76"
"inactive","ca","2021",""
"active","ca","2021","42"
"inactive","ca","2021",""
"inactive","ca","2021",""
"active","ca","2021","837"
"inactive","ca","2005","59"
"inactive","ca","2005","833"
"inactive","az","2004","2"
"active","az","2021","186"
"inactive","az","2009","35"
"inactive","az","2009",""
"active","ca","2021","1"
"inactive","ca","2021",""
"inactive","az","2010","57"
"active","az","2021","205"
"active","az","2021","69"
"active","az","2021","5"
"active","az","2021","434"
"inactive","az","2013",""
"active","az","2021","14"
"active","ca","2021","350"
"active","ca","2021","14"
"active","ca","2021","420"
"active","ca","2021","6"
"active","ca","2021","343"
"active","ca","2021","139"
"active","ca","2021","86"
"active","ca","2021","8"
"active","ca","2021","29"
"active","ca","2021","59"
"active","ca","2021","563"
"active","ca","2021","407"
"inactive","ca","2021",""
"active","ca","2021",""
"active","ca","2021",""
"inactive","ca","2010","568"
"inactive","ca","2021",""
"active","ca","2021","2"
"active","ca","2021","42"
"active","ca","2021","18"
"active","ca","2021","22"
"active","ca","2021","142"
"active","ca","2021","6"
"active","ca","2021","2"
"active","ca","2021","1"
"inactive","ca","2021",""
"active","ca","2021",""
"inactive","ca","2021",""
"active","ca","2021",""
"active","ca","2021","179"
"active","ca","2021","1"
"active","ca","2021","566"
"active","ca","2021","76"
"inactive","ca","2021",""
"active","ca","2021","12"
"active","ca","2021","249"
"active","ca","2021",""
"active","ca","2021",""
"active","ca","2021","81"
"active","ca","2021","23"
"active","ca","2021","752"
"active","ca","2021","219"
"active","ca","2021","14"
"active","ca","2021","18"
"active","ca","2021",""
"active","ca","2021",""
"inactive","ca","2015","894"
"inactive","ca","2015","513"
"inactive","ca","2015","10"
"active","ca","2021",""
"active","ca","2021",""
"inactive","az","2017","1"
"inactive","ca","2007","656"
"active","ca","2021","149"
"active","ca","2021","48"
"active","ca","2021","1"
"inactive","az","2013","8"
"active","ca","2021","28"
"inactive","ca","2021",""
"active","ca","2021","333"
"inactive","ca","2011","6"
"inactive","ca","2011","157"
"active","ca","2021",""
"active","ca","2021",""
"inactive","hi","2011","362"
"inactive","ca","2001","10"
"inactive","ca","2001","4"
"inactive","az","2008","22"
"inactive","az","2008","731"
"inactive","ca","2021",""
"active","ca","2021","160"
"inactive","ca","2007","587"
"inactive","ca","2007","18"
"inactive","ca","2007","1"
"inactive","ca","2002","384"
"inactive","ca","2002","3"
"inactive","ca","2006","1"
"inactive","az","2012","14"
"inactive","az","2012","298"
"inactive","ca","2015","1"
"inactive","ca","2021",""
"active","ca","2021","5"
"inactive","ca","2021","193"
"active","ca","2021","16"
"inactive","ca","2021",""
"active","ca","2021","318"
"active","ca","2021","4"
"active","ca","2021","5"
"active","ca","2021",""
"active","ca","2021",""
"active","ca","2021","14"
"active","ca","2021","276"
"inactive","ca","2021",""
"active","ca","2021","95"
"active","ca","2021","4"
"active","ca","2021","117"
"inactive","ca","2021","26"
"inactive","ca","2021","9"
"inactive","ca","2021","86"
"inactive","ca","2021",""
"active","ca","2021","24"
"inactive","ca","2021",""
"active","ca","2021","500"
"inactive","ca","2021",""
"active","ca","2021","49"
"active","ca","2021","326"
"active","az","2021","6"
"active","az","2021",""
"active","ca","2021","6"
"active","ca","2021","68"
"inactive","ca","2010","36"
"inactive","ca","2010","592"
"active","ca","2021","9"
"active","ca","2021","112"
"active","ca","2021","4"
"active","ca","2021","161"
"active","ca","2011",""
"active","ca","2011",""
"active","ca","2021","60"
"active","az","2021","6"
"active","az","2021","924"
"active","az","2021","8"
"inactive","ca","2019",""
"inactive","ca","2019",""
"active","az","2021","31"
"active","ca","2021","3"
"inactive","ca","2021",""
"inactive","ca","2021",""
"inactive","ca","2015","182"
"active","ca","2021","264"
"active","ca","2021","6"
"active","ca","2021","255"
"inactive","az","2015","79"
"active","ca","2021",""
"active","ca","2021",""
"active","ca","2021",""
"active","ca","2021","3"
"active","ca","2021","185"
"active","ca","2021","10"
"active","ca","2021","226"
"active","az","2021","6"
"active","az","2021","227"
"active","az","2021","58"
"active","ca","2021","31"
"active","ca","2021","1"
"active","hi","2021","42"
"active","hi","2021","101"
"active","hi","2021","833"
"inactive","nv","2017",""
"inactive","nv","2017",""
"inactive","nv","2017","4"
"inactive","nv","2017",""
"active","ca","2021","6"
"active","ca","2021","175"
"active","ca","2021",""
"active","ca","2021",""
"active","ca","2021","122"
"active","ca","2021","92"
"active","ca","",""
"active","ca","",""
"active","ca","",""
"active","nv","2021","24"
"inactive","nv","2021",""
"active","nv","2021","7"
"inactive","nv","2021",""
"inactive","nv","2021",""
"active","nv","2021","225"
"inactive","nv","2021",""
"active","ca","2021","451"
"active","ca","2021","14"
"active","ca","2021","357"
"active","ca","2021","29"
"active","ca","2021","882"
"active","ca","2021","24"
"active","ca","2021","29"
"","","",""
"","","",""
"","","",""
"","","",""
"","","",""
"","","",""
"","","",""
"","","",""
"","","",""
"","","",""
"","","",""
"","","",""
"","","",""
"","","",""
"","","",""
"","","",""
"","","",""
"","","",""
"","","",""
"","","",""
"","","",""
"","","",""
"","","",""
"","","",""
"","","",""
"","","",""
"","","",""
"","","",""
"","","",""
"","","",""
"","","",""
"","","",""
"","","",""
"","","",""
"","","",""
"","","",""
"","","",""
"","","",""
"","","",""
"","","",""
"","","",""
"","","",""
"","","",""
"","","",""
"","","",""
"","","",""
"","","",""
"","","",""
"","","",""
"","","",""
"","","",""
"","","",""
"","","",""
"","","",""
"","","",""
"","","",""
"","","",""
"","","",""
"","","",""
"","","",""
"","","",""
"","","",""
"","","",""
"","","",""
"","","",""
