"Name","Car_Truck_or_Van_Drove_Alone","Car_Truck_or_Van_Carpooled","Public_Transportation","Bicycle","Walked","Taxicab_Motorcycle_or_other_means","Worked_From_Home","Depart_12am_to_4_59am","Depart_5am_to_5_29am","Depart_5_30am_to_6am","Depart_6am_to_6_29am","Depart_6_30am_to_6_59am","Depart_7am_to_7_29am","Depart_7_30am_to_7_59am","Depart_8am_to_8_29am","Depart_8_30am_to_8_59am","Depart_9am_to_9_59am","Depart_10am_to_10_59am","Depart_11am_to_11_59am","Depart_12pm_to_3_59pm","Depart_4pm_to_11_59pm","No_Vehicles_Availible","Vehicle_Availible_1","Vehicles_Availible_2","Vehicles_Availible_3","Vehicles_Availible_4","Vehicles_Availible_5_or_More","Aggregate_Num_of_Vehicles_Used_in_Commuting","Travel_Time_to_Work_LT_5_Min","Travel_Time_to_Work_5_T_9_Min","Travel_Time_to_Work_10_T_14_Min","Travel_Time_to_Work_15_T_19_Min","Travel_Time_to_Work_20_T_24_Min","Travel_Time_to_Work_25_T_29_Min","Travel_Time_to_Work_30_T_34_Min","Travel_Time_to_Work_35_T_39_Min","Travel_Time_to_Work_40_T_44_Min","Travel_Time_to_Work_45_T_59_Min","Travel_Time_to_Work_60_T_89_Min","Travel_Time_to_Work_GE_90_Min","STATEFP","COUNTYFP","STATE_FIPS","Year"
"Meigs County, Tennessee","3723","539","16","12","10","62","169","440","306","338","501","255","522","393","292","168","171","159","17","209","591","105","550","1805","1137","671","263","3980","150","236","377","308","646","466","817","154","185","565","327","131","47","121","47121","2020"
"Montgomery County, Tennessee","82464","7772","673","17","891","1166","3526","6360","6883","9433","11285","10020","9690","7687","5254","3869","3887","2016","1250","7511","7838","1059","17505","39111","22495","10260","4299","85880","1954","6711","12282","17388","16058","6902","10540","2510","2665","6935","7080","1958","47","125","47125","2020"
"Moore County, Tennessee","2446","140","0","0","6","17","158","149","182","165","334","454","438","210","208","7","182","23","11","159","87","0","289","1149","892","256","177","2515","109","132","435","418","300","182","473","92","48","142","199","79","47","127","47127","2020"
"Obion County, Tennessee","10732","943","0","14","207","200","277","547","431","820","1238","1493","2065","1661","821","301","510","163","123","1190","733","213","2652","5033","3013","1160","299","11145","750","1784","2203","2368","1804","679","1090","249","134","518","322","195","47","131","47131","2020"
"Overton County, Tennessee","8084","737","6","0","81","83","390","913","317","338","889","1292","1925","1456","407","153","144","23","252","526","356","233","1522","3022","2295","1218","1089","8420","373","760","1294","1017","1160","499","1780","326","262","1016","256","248","47","133","47133","2020"
"Pickett County, Tennessee","1531","82","0","0","13","74","104","131","20","111","189","212","222","309","209","12","29","26","16","129","85","12","134","514","815","205","124","1570","53","146","135","205","280","61","324","29","83","170","196","18","47","137","47137","2020"
"Polk County, Tennessee","6115","768","0","0","45","32","224","656","214","499","948","750","1096","800","302","113","303","229","141","410","499","208","1048","2250","2238","1034","395","6470","245","309","738","724","787","706","1367","357","307","768","495","157","47","139","47139","2020"
"Rhea County, Tennessee","10489","1268","18","0","214","128","482","935","1135","928","1230","1014","1330","1495","617","219","381","220","269","1248","1096","544","2074","4714","2860","996","1259","11025","500","1728","2023","1682","1562","680","850","240","241","1276","1217","118","47","143","47143","2020"
"Roane County, Tennessee","19002","1963","0","6","95","121","1153","1359","1245","1337","1635","1875","2934","2800","2334","1077","677","101","386","1533","1894","393","2290","8146","6842","3489","1173","19905","464","1863","2327","2816","3094","1405","2731","1172","927","2912","1026","450","47","145","47145","2020"
"Rutherford County, Tennessee","138133","16208","369","361","1149","1369","11833","9426","8601","11970","18128","16694","21875","13150","10887","5251","7174","3405","2007","12995","16026","1511","25957","68701","42339","21173","8775","145455","2891","10427","18420","26029","23242","9250","19697","5757","7071","17978","12812","4015","47","149","47149","2020"
"Scott County, Tennessee","6786","871","9","0","53","126","152","812","638","543","602","819","1210","1245","513","150","224","169","177","254","489","108","1274","2491","1988","1096","1031","7175","233","895","1695","1302","1069","218","506","152","195","434","863","283","47","151","47151","2020"
"Sequatchie County, Tennessee","4858","707","0","0","74","84","256","821","351","594","571","463","806","488","361","101","333","69","34","406","325","124","778","2050","1322","1271","434","5195","234","772","629","369","338","204","647","245","357","1113","619","196","47","153","47153","2020"
"Shelby County, Tennessee","352537","40682","3874","720","4678","4341","18571","18149","13463","14944","34189","37141","62893","51178","45942","20867","27035","11715","5109","29307","34900","12821","108408","173966","82480","33898","11688","370795","6484","31002","52964","69484","86029","36555","71668","11377","11959","18672","6288","4350","47","157","47157","2020"
"Smith County, Tennessee","7464","840","21","14","12","102","457","807","728","765","1018","917","1325","599","592","36","176","87","76","701","626","102","1328","2985","2839","1053","603","7835","257","551","1027","847","1273","331","1046","320","345","919","1132","405","47","159","47159","2020"
"Sullivan County, Tennessee","55613","4897","66","65","870","929","3311","2334","2237","3810","4490","5449","9588","10144","6337","3138","3249","1422","1047","4506","4689","1112","11232","24937","17581","7280","3215","57870","1677","6569","10199","13877","8587","4648","7835","2154","1717","2988","1259","930","47","163","47163","2020"
"Sumner County, Tennessee","76218","8167","164","87","492","1050","6988","4382","4419","6630","10662","11402","11821","8786","7175","2423","4243","1618","1041","5797","5779","1078","13289","37823","22887","12136","5923","79930","1539","8254","11060","10540","9785","4617","12096","3674","4307","10481","7847","1978","47","165","47165","2020"
"Trousdale County, Tennessee","3610","693","0","0","2","0","261","410","307","251","627","618","614","427","167","6","186","64","0","404","224","12","695","1818","1632","278","131","3935","0","404","395","241","155","174","368","180","294","983","866","245","47","169","47169","2020"
"Unicoi County, Tennessee","6139","371","34","0","213","156","436","203","281","201","865","959","1222","608","585","201","254","226","62","580","666","65","1134","2778","1767","990","485","6305","449","1064","646","722","1345","497","686","322","359","517","266","40","47","171","47171","2020"
"Van Buren County, Tennessee","2019","135","8","41","19","36","92","270","105","181","342","228","279","185","160","44","31","26","12","222","173","154","309","775","542","325","245","2080","56","216","77","220","196","111","548","78","119","354","256","27","47","175","47175","2020"
"Warren County, Tennessee","15277","1495","9","0","196","54","540","1337","905","1133","2290","2209","2118","1994","669","678","489","383","77","1157","1592","351","3006","5823","4290","2744","1292","15965","888","2010","3027","3415","1775","827","1780","294","169","1157","1189","500","47","177","47177","2020"
"Wayne County, Tennessee","5228","529","0","0","6","23","260","588","372","556","806","635","948","683","174","62","171","55","94","371","271","15","642","2286","1927","639","537","5455","178","932","494","413","402","463","965","299","165","577","534","364","47","181","47181","2020"
"Weakley County, Tennessee","11586","966","22","27","513","663","351","721","517","711","1404","1421","2661","1592","817","322","591","503","86","1503","928","606","2256","5642","3396","1356","333","12030","956","2385","2313","1964","1835","725","1367","392","314","680","636","210","47","183","47183","2020"
"Williamson County, Tennessee","89734","7060","307","20","805","1252","16998","1764","2175","3566","9492","12900","16851","13897","13463","5566","6327","2602","699","5017","4859","1138","11560","53570","31747","13447","4711","92900","1742","7516","11064","12363","12985","8333","15391","5512","6019","12087","4875","1291","47","187","47187","2020"
"Wilson County, Tennessee","56140","6219","459","0","389","677","5023","3978","3123","4603","9038","9205","9955","5674","5439","1609","2696","977","521","3228","3838","673","8462","27483","18837","9211","4015","59010","1368","4044","6415","7922","7652","3756","10086","2612","3388","9761","5833","1047","47","189","47189","2020"
"Bedford County, Tennessee","17872","2875","9","0","194","355","912","1670","1400","1331","1749","3328","2825","2245","1289","774","550","348","123","1416","2257","554","3638","7657","5983","2474","1822","19200","615","2770","3549","3318","2908","1166","1797","508","649","1946","1728","351","47","003","47003","2020"
"Blount County, Tennessee","52139","4214","66","35","268","345","4147","3162","2018","2780","5366","5755","8754","7441","6392","1896","3841","1107","604","3671","4280","442","8886","24407","14581","7949","4685","54060","1295","4820","7954","9518","7856","4008","8701","1836","3127","5194","1701","1057","47","009","47009","2020"
"Cannon County, Tennessee","5396","396","0","0","70","10","309","500","406","639","582","544","696","644","338","150","163","85","39","463","623","56","847","1761","1750","1183","584","5580","289","370","435","351","498","323","1192","257","429","1145","486","97","47","015","47015","2020"
"Cheatham County, Tennessee","15990","2205","52","0","111","261","1215","1612","983","1387","2986","2519","2938","1187","1526","356","535","329","332","1119","810","263","2258","7380","5764","2887","1270","16950","249","719","1106","1677","2298","1138","3711","1091","1278","3251","1685","416","47","021","47021","2020"
"Clay County, Tennessee","2283","251","21","0","25","72","52","158","76","128","367","480","824","223","76","83","35","0","0","120","82","33","475","1110","667","203","214","2400","116","230","118","421","448","135","538","87","24","290","123","122","47","027","47027","2020"
"Crockett County, Tennessee","5521","454","0","0","36","15","133","244","315","480","645","857","1042","799","372","79","214","136","3","420","420","30","1087","2440","1705","649","248","5735","278","764","672","901","848","491","1079","162","200","326","158","147","47","033","47033","2020"
"Decatur County, Tennessee","3582","391","6","0","20","25","292","188","385","259","583","701","598","488","188","54","124","13","0","217","226","73","476","1845","1267","562","93","3770","185","499","655","595","608","236","351","152","142","284","225","92","47","039","47039","2020"
"Jackson County, Tennessee","3859","560","5","0","55","27","123","579","238","219","486","384","846","450","418","54","94","55","13","357","313","24","459","1397","1359","772","607","4115","195","286","127","581","774","335","970","225","99","324","435","155","47","087","47087","2020"
"Knox County, Tennessee","187330","16903","1587","393","4351","1624","17797","7233","4549","7692","14558","19791","32046","30450","27723","14173","15212","6396","2436","14332","15597","3157","40604","102038","50869","21913","9255","195110","3556","16935","29556","43639","42926","19647","30018","5382","4755","8963","3975","2836","47","093","47093","2020"
"Lawrence County, Tennessee","13828","1373","17","0","331","276","832","1278","850","1280","1825","2314","2606","1475","910","331","426","246","184","1045","1055","940","1987","5458","4542","2440","1289","14455","818","1851","2284","2294","1690","966","1850","314","493","1643","1008","614","47","099","47099","2020"
"Loudon County, Tennessee","19191","1696","1","0","65","122","1670","811","950","1294","2458","1879","3763","2562","2319","818","1088","545","124","1096","1368","123","2968","8203","6738","2633","2070","19985","582","1700","3509","3266","3547","1829","2891","586","944","1692","431","98","47","105","47105","2020"
"Macon County, Tennessee","8587","1341","0","0","50","173","326","1129","733","1195","1270","1183","1384","718","496","168","85","326","100","916","448","252","1634","3565","2747","1207","1072","9155","369","945","1228","1611","761","215","1068","290","450","1135","1559","520","47","111","47111","2020"
"Marshall County, Tennessee","12701","1072","9","0","80","68","827","1027","908","1237","2201","1621","2038","864","915","563","541","90","78","718","1129","144","1992","5083","3608","2514","1401","13170","520","1568","1825","1631","962","436","1804","746","725","1831","1545","337","47","117","47117","2020"
"Monroe County, Tennessee","14927","1505","41","0","300","120","614","1556","1069","1379","1854","1237","2390","1930","1150","652","873","275","207","1009","1312","156","2104","6128","5046","2500","1556","15645","569","1660","1675","2650","1945","1071","2499","595","721","1906","1082","520","47","123","47123","2020"
"Morgan County, Tennessee","5875","810","19","0","64","23","236","537","581","626","585","1107","739","829","334","199","219","113","17","516","389","161","810","1709","2355","1262","724","6235","440","606","543","804","665","660","888","94","177","1217","584","113","47","129","47129","2020"
"Perry County, Tennessee","2196","139","56","6","31","77","343","213","73","182","339","397","655","123","149","55","21","7","42","159","90","88","286","1046","1078","249","101","2255","218","312","295","410","361","76","230","76","112","251","111","53","47","135","47135","2020"
"Putnam County, Tennessee","29727","3537","1","0","523","165","1497","2086","935","1768","2364","4389","5932","5659","2406","1137","1526","669","188","2797","2097","660","6483","15028","8085","3680","1374","31290","1135","4228","6452","6499","4931","1030","4726","490","575","1283","1706","898","47","141","47141","2020"
"Robertson County, Tennessee","29145","2672","105","0","149","429","2037","2174","2017","2538","4901","3731","5538","2844","2054","608","1330","538","112","1872","2243","549","3827","13178","10106","4735","2129","30330","765","2576","2712","3554","3828","1998","4257","1509","2179","5434","2896","792","47","147","47147","2020"
"Sevier County, Tennessee","35738","6124","272","325","620","223","2626","1391","1588","1390","3353","3244","5899","5192","4291","2266","3790","2160","881","4560","3297","898","7259","17870","12738","3727","3195","38505","592","3461","4561","6944","7481","3437","7953","1733","1772","3076","1694","598","47","155","47155","2020"
"Stewart County, Tennessee","4513","730","35","0","52","88","108","733","468","411","830","850","596","425","281","11","203","68","29","320","193","31","889","1949","1422","661","571","4845","192","436","581","576","192","224","693","460","316","1022","267","459","47","161","47161","2020"
"Tipton County, Tennessee","23991","1917","6","0","142","343","850","1479","1520","1646","3374","2931","5343","2329","2665","521","1059","333","167","1569","1463","407","3748","9917","8401","2904","1867","24880","351","1668","2274","2409","2995","1582","2887","975","1627","5883","3363","385","47","167","47167","2020"
"Union County, Tennessee","6234","779","8","0","150","83","456","303","447","429","1057","626","1310","842","593","160","381","30","119","515","442","102","928","2836","1952","1294","593","6600","93","668","499","508","773","562","1263","396","501","1344","549","98","47","173","47173","2020"
"Washington County, Tennessee","50482","3392","313","40","919","872","2860","1705","1389","2282","5049","5091","8983","8331","6066","3071","2801","1509","868","4325","4548","828","10662","23879","14002","6158","2440","51990","1501","7476","9061","10213","9337","4738","6860","1495","912","2576","818","1031","47","179","47179","2020"
"White County, Tennessee","9255","992","0","0","103","24","349","459","545","650","1126","1110","1740","1153","709","466","406","201","270","654","885","118","1582","4133","2928","1371","587","9700","506","1057","1086","2022","1464","812","1293","225","392","687","514","316","47","185","47185","2020"
"Anderson County, Tennessee","26941","2587","94","8","179","171","1804","1934","1085","1563","3095","2619","4509","4207","2321","2020","1539","704","322","1938","2124","520","5465","11745","8103","3530","2254","28120","917","3217","3493","4195","4377","2349","5279","1615","1115","2201","650","572","47","001","47001","2020"
"Benton County, Tennessee","4741","406","8","0","59","143","32","569","455","313","776","709","546","754","144","160","116","49","32","365","369","82","957","2070","1135","807","336","4925","332","817","731","807","582","468","669","151","128","305","187","180","47","005","47005","2020"
"Bledsoe County, Tennessee","4591","742","26","0","113","52","365","428","531","198","311","595","1104","512","289","40","163","25","76","250","1002","15","932","2408","1270","1099","163","4870","245","401","862","1270","355","153","419","32","201","792","513","281","47","007","47007","2020"
"Bradley County, Tennessee","40339","5102","74","104","851","446","1765","1905","2319","2005","3640","5492","6830","6458","4283","1839","2868","1038","510","3485","4244","1185","7951","17753","10925","7136","2793","42665","1427","6327","8358","10355","5941","2096","4501","1282","1979","2653","1120","877","47","011","47011","2020"
"Campbell County, Tennessee","12791","1715","0","0","102","37","748","1158","1114","1133","1360","1612","1625","1641","923","402","489","392","140","1105","1551","196","2135","5377","4386","2077","1209","13560","364","1514","1877","2033","1351","712","1989","301","440","1817","1853","394","47","013","47013","2020"
"Carroll County, Tennessee","9304","809","0","0","251","451","386","954","648","944","1009","1136","1532","1704","451","78","397","299","14","826","823","252","1608","3924","2969","1504","853","9670","661","1308","1292","1578","1453","700","876","280","505","1245","469","448","47","017","47017","2020"
"Carter County, Tennessee","19602","1571","10","0","220","283","1056","1328","878","1242","2032","1919","3835","2794","1928","1042","876","623","202","1348","1639","453","3633","8424","5658","2913","1390","20325","938","2368","2718","3501","2903","1931","3039","643","880","1650","723","392","47","019","47019","2020"
"Chester County, Tennessee","5756","407","0","0","69","53","326","443","208","226","761","811","1355","855","327","163","186","122","17","416","395","20","799","2907","1391","1021","342","5940","202","523","621","848","591","556","958","485","306","582","372","241","47","023","47023","2020"
"Claiborne County, Tennessee","10777","855","31","0","118","26","524","896","499","811","1152","919","2165","1549","912","492","466","209","105","816","816","266","1791","3957","3322","1517","1263","11155","529","1319","1608","2333","1486","822","1360","269","351","643","794","293","47","025","47025","2020"
"Cocke County, Tennessee","11683","1503","1","0","195","230","325","724","685","862","1418","1297","1963","1407","1179","279","764","403","265","1602","764","162","2474","4085","3916","2083","1191","12395","520","1359","1698","1683","1496","728","1638","549","594","1882","1053","412","47","029","47029","2020"
"Coffee County, Tennessee","20661","2381","2","0","276","96","1381","1452","1393","1576","2357","2548","3252","2749","1576","688","1025","374","151","1894","2381","305","3449","10534","5681","3128","1629","21710","1039","3509","3973","3435","2596","1280","2749","682","636","2016","1041","460","47","031","47031","2020"
"Cumberland County, Tennessee","17463","2160","0","35","367","342","1019","1901","994","1252","1807","2677","3085","2507","1018","839","758","189","116","1706","1518","155","3516","8749","5507","2089","1357","18445","1014","2608","3067","4486","2931","1101","1708","331","469","1177","807","668","47","035","47035","2020"
"Davidson County, Tennessee","283938","34034","7034","824","8493","4478","37168","13055","13112","14284","34683","31656","51697","34931","37854","19691","23972","10966","4047","25262","23591","10095","95234","161826","67942","26251","9198","299150","6097","24341","40444","56374","60018","27327","56489","12003","12646","24929","12883","5250","47","037","47037","2020"
"DeKalb County, Tennessee","6680","810","1","0","119","75","240","623","487","598","789","789","1298","823","336","96","167","190","82","801","606","147","1277","3421","1602","813","621","7065","465","1065","985","905","652","314","718","274","227","887","956","237","47","041","47041","2020"
"Dickson County, Tennessee","20376","2423","24","0","84","267","997","1419","1303","2517","3727","3383","3642","1679","1380","380","718","174","133","1305","1414","283","3450","8638","6971","3109","1667","21460","563","1993","2708","2713","2458","715","1974","777","1114","3904","3653","602","47","043","47043","2020"
"Dyer County, Tennessee","13938","1389","0","0","93","239","531","1131","740","1001","1265","1605","2510","1948","1137","250","558","423","153","1078","1860","295","3252","7173","3771","1091","571","14585","1147","2675","2978","2789","1820","390","1189","181","357","1114","666","353","47","045","47045","2020"
"Fayette County, Tennessee","14662","1394","7","2","66","413","1026","801","668","1202","2466","1984","2759","1577","1235","633","578","230","207","971","1233","255","2159","6809","4537","2636","1157","15295","388","1130","993","1358","1394","1303","2594","979","1112","3626","1375","292","47","047","47047","2020"
"Fentress County, Tennessee","5726","695","33","0","167","11","366","502","598","267","775","928","820","867","342","59","188","168","48","490","580","44","1135","2404","1749","913","753","6045","536","795","1209","1009","799","150","612","139","170","644","315","254","47","049","47049","2020"
"Franklin County, Tennessee","14550","1518","17","62","753","9","928","1166","703","1013","1648","1978","2745","2154","1052","528","784","341","115","1194","1488","219","2791","5811","4745","2264","1436","15255","887","2165","2118","3245","2388","997","2133","192","295","1223","949","317","47","051","47051","2020"
"Gibson County, Tennessee","17322","1583","8","72","220","235","724","1540","735","767","1976","2071","3351","2505","1460","368","692","431","292","1706","1546","443","3383","8297","5108","2441","487","18050","769","2341","2387","2490","2498","1825","2798","874","663","1945","594","256","47","053","47053","2020"
"Giles County, Tennessee","10341","937","0","24","120","403","365","1235","600","739","1236","1164","1775","959","695","297","477","200","61","1239","1148","247","1563","4118","3587","1402","1155","10785","446","1497","1860","1221","1531","800","965","403","337","959","1537","269","47","055","47055","2020"
"Grainger County, Tennessee","7424","1212","26","0","71","32","809","503","551","495","1381","652","1331","1223","589","382","424","99","53","314","768","36","1019","3684","2608","1225","1000","7985","244","432","542","657","1371","973","1439","470","435","1105","807","290","47","057","47057","2020"
"Greene County, Tennessee","23395","1908","14","21","259","372","1403","1815","1713","1789","2502","2448","3303","3216","2464","411","989","613","257","1713","2736","298","3620","9989","7379","3839","1992","24245","757","3353","3442","4399","4478","1723","3346","617","838","1853","708","455","47","059","47059","2020"
"Grundy County, Tennessee","4220","563","8","0","139","37","314","614","552","380","607","307","606","558","140","21","213","107","103","375","384","74","695","1699","1586","706","521","4470","475","642","645","321","225","341","702","167","235","698","426","90","47","061","47061","2020"
"Hamblen County, Tennessee","23133","2274","63","29","73","252","749","961","688","1242","2129","2783","4001","2981","1922","1019","1251","656","224","3313","2654","380","4218","9425","7443","3339","1751","24190","749","4224","5334","5156","3388","930","2587","494","312","1122","1087","441","47","063","47063","2020"
"Hamilton County, Tennessee","138511","16264","1708","332","3000","1421","11997","6109","4506","6704","14092","15334","22904","22432","17233","10823","10369","5414","1912","11890","11514","3459","35117","72761","38327","14557","5792","145920","3791","16167","23547","32652","30166","14421","20905","4659","3694","6849","2335","2050","47","065","47065","2020"
"Hancock County, Tennessee","1701","250","0","0","8","28","41","153","72","67","140","265","323","310","193","52","53","14","0","140","205","28","376","662","581","259","120","1825","104","216","275","315","92","2","124","55","190","289","294","31","47","067","47067","2020"
"Hardeman County, Tennessee","6847","667","145","0","39","57","248","756","509","625","935","762","1400","637","246","55","191","111","0","902","626","154","1667","3048","1331","1119","665","7135","381","778","966","1004","770","383","853","305","163","866","1019","267","47","069","47069","2020"
"Hardin County, Tennessee","8408","583","17","0","79","77","682","547","787","1202","866","675","1018","1311","825","344","335","247","150","312","545","179","1659","3970","2329","986","704","8670","473","1505","1583","1893","860","304","962","184","103","405","433","459","47","071","47071","2020"
"Hawkins County, Tennessee","18943","1136","60","12","190","201","868","919","1189","1530","2685","2562","2946","2123","1473","621","636","432","178","1419","1829","292","3004","7474","6140","2816","1684","19480","503","1535","2643","3090","3279","1924","2773","685","965","1681","1046","418","47","073","47073","2020"
"Haywood County, Tennessee","6609","501","0","9","98","185","132","425","497","705","794","914","857","709","744","144","189","170","0","521","733","163","1707","2995","1790","685","194","6850","185","1295","1194","824","763","273","1079","220","284","705","496","84","47","075","47075","2020"
"Henderson County, Tennessee","9404","557","13","7","26","89","1051","932","884","621","825","1224","1720","1294","529","213","372","83","177","568","654","129","1897","4848","2839","934","498","9665","387","1218","2031","1203","923","386","1513","383","289","964","500","299","47","077","47077","2020"
"Henry County, Tennessee","10265","1059","22","12","64","536","321","949","581","944","1200","1938","1457","1333","860","113","603","309","276","620","775","204","2338","4319","3949","1245","181","10775","584","2235","2845","1811","1550","508","1011","78","173","520","330","313","47","079","47079","2020"
"Hickman County, Tennessee","7949","1456","0","0","137","242","580","588","703","707","1426","1413","1805","767","518","175","196","246","53","764","423","152","1299","3513","3125","1533","742","8665","215","587","768","1166","1154","289","1594","292","412","1283","1527","497","47","081","47081","2020"
"Houston County, Tennessee","2260","500","19","0","41","101","131","300","273","243","449","468","209","254","191","12","61","0","44","266","151","81","489","855","893","354","376","2490","164","277","151","266","236","88","369","59","293","497","349","172","47","083","47083","2020"
"Humphreys County, Tennessee","6303","846","0","0","37","62","266","835","558","525","828","704","858","870","450","255","193","155","0","366","651","26","1399","2382","2044","939","724","6685","164","932","668","696","1015","298","1080","168","292","586","899","450","47","085","47085","2020"
"Jefferson County, Tennessee","18635","2812","92","38","372","97","1233","1286","738","1567","2214","2207","3006","2269","1693","963","1089","652","433","1948","1981","145","3068","8275","5611","3635","2126","19895","543","2335","2509","3295","2617","1672","2924","1450","922","2293","1249","237","47","089","47089","2020"
"Johnson County, Tennessee","4716","466","53","0","72","54","275","172","301","235","781","582","640","707","654","153","161","85","30","295","565","30","883","1909","1647","437","721","4935","303","880","747","929","386","151","469","253","183","519","376","165","47","091","47091","2020"
"Lake County, Tennessee","1429","147","0","0","53","23","37","252","72","80","121","128","208","225","99","54","51","20","9","86","247","65","446","669","359","67","83","1495","160","263","329","185","71","44","208","56","38","188","78","32","47","095","47095","2020"
"Lauderdale County, Tennessee","7732","722","43","4","61","231","207","608","546","874","1088","1000","1343","809","466","132","254","101","38","756","778","269","1980","3640","2130","643","329","8065","346","1254","1274","1447","1224","440","880","127","261","442","716","382","47","097","47097","2020"
"Lewis County, Tennessee","3875","553","0","0","50","36","203","500","165","298","562","522","510","484","349","25","116","98","11","460","414","52","798","1456","1502","279","609","4140","334","692","733","398","177","131","441","78","525","602","201","202","47","101","47101","2020"
"Lincoln County, Tennessee","12864","1431","53","0","85","86","770","1380","743","1236","1411","1580","2354","1539","945","326","757","258","75","1204","711","305","2032","5028","3863","2854","1189","13520","521","1261","2250","2020","1969","611","1239","377","584","1914","1347","426","47","103","47103","2020"
"McMinn County, Tennessee","18817","1783","48","0","221","60","927","1226","956","1207","2195","2259","2742","1989","2335","839","694","485","321","1724","1957","315","3665","7482","5218","3047","1956","19580","693","2296","4169","2906","3070","1352","2603","494","543","1419","1113","271","47","107","47107","2020"
"McNairy County, Tennessee","8173","666","9","0","54","23","561","773","739","633","1132","794","1544","1252","376","185","216","218","3","582","478","135","1384","3223","2618","1262","861","8465","262","1058","1149","1168","1449","587","1208","266","265","765","375","373","47","109","47109","2020"
"Madison County, Tennessee","34165","4059","191","27","635","1404","1887","1834","975","1751","4286","4244","6175","5994","3985","1221","2230","965","480","3532","2809","955","8105","16278","10131","4599","1683","36050","1451","5044","8815","11481","5359","2429","2475","282","422","1244","1009","470","47","113","47113","2020"
"Marion County, Tennessee","10275","755","10","0","169","100","613","1321","1100","959","1062","888","1368","916","634","223","570","162","67","892","1147","275","1432","3771","3528","1200","1705","10625","294","1009","1457","1194","893","448","1388","475","892","2064","851","344","47","115","47115","2020"
"Maury County, Tennessee","38429","3006","33","0","242","246","3400","2177","2955","4162","4897","4664","6410","4603","2886","917","2092","487","531","2594","2581","208","7099","17093","12375","5447","3095","39815","798","3099","4558","6063","5628","2350","5969","1580","1891","5160","3898","962","47","119","47119","2020"
"Anderson County, Tennessee","26440","2480","21","0","476","628","730","1125","1066","1838","2474","3347","4911","4853","2891","1142","1138","563","116","2286","2295","439","5825","12919","7172","3156","1264","27600","875","2801","4358","5110","4637","2118","5221","777","1375","1845","638","290","47","001","47001","2010"
"Bedford County, Tennessee","15091","2199","96","0","83","196","551","943","927","1603","2472","2356","2763","1979","1069","311","290","332","96","1385","1139","395","2692","6589","5301","2404","835","16040","530","2411","2844","2879","2119","666","2091","324","420","1674","1444","263","47","003","47003","2010"
"Benton County, Tennessee","5011","794","32","0","58","122","225","292","343","509","883","661","753","751","462","219","152","71","30","461","430","79","991","2656","1768","527","221","5375","295","880","737","1002","720","539","748","214","171","275","266","170","47","005","47005","2010"
"Bledsoe County, Tennessee","3109","517","0","0","45","48","125","447","174","254","427","287","534","379","164","44","216","87","62","277","367","124","532","1192","886","613","497","3350","136","341","453","234","424","312","419","186","114","469","399","232","47","007","47007","2010"
"Blount County, Tennessee","47364","5409","17","54","388","462","1652","1938","2046","2462","4371","5418","8794","8473","5111","2304","2243","1488","458","4204","4384","638","7238","23638","13940","6724","2912","49870","1208","5241","8436","9227","8851","3776","8078","1395","1983","3309","1312","878","47","009","47009","2010"
"Bradley County, Tennessee","35851","3687","62","48","515","806","1419","1272","1206","1715","3458","4826","5992","6867","3864","1841","1738","919","456","2678","4137","511","7367","19061","10279","3531","1174","37555","1706","5621","8951","8044","5210","1644","3539","957","1010","2586","1099","602","47","011","47011","2010"
"Campbell County, Tennessee","11781","1304","16","17","101","142","360","633","721","1089","1355","1676","1462","1832","1195","475","433","299","146","873","1172","232","2373","6043","3356","1087","506","12330","290","1745","1677","2355","1353","387","1923","270","281","1925","953","202","47","013","47013","2010"
"Cannon County, Tennessee","4601","520","14","0","45","67","302","597","456","289","730","525","893","447","315","47","46","86","75","372","369","67","671","2010","1830","711","260","4845","331","308","270","241","310","452","966","444","321","765","705","134","47","015","47015","2010"
"Carroll County, Tennessee","10176","1091","18","6","113","108","176","628","586","831","1309","1357","1455","1648","584","307","414","181","120","1272","820","127","2247","4203","3144","1382","495","10665","996","1639","1567","1564","1265","490","1185","324","333","1311","510","328","47","017","47017","2010"
"Carter County, Tennessee","19386","2007","105","11","344","222","1100","854","799","1294","1847","2410","3513","2982","1967","810","765","487","361","2062","1924","457","3691","9152","5484","2468","1563","20330","965","2416","3220","4193","3187","1862","2985","542","699","1137","551","318","47","019","47019","2010"
"Cheatham County, Tennessee","14493","2538","59","8","112","220","1043","600","1082","1437","2335","2345","3320","1360","1152","667","656","276","178","1006","1016","175","2520","7658","5035","2386","699","15665","338","918","1188","1387","1433","1166","3936","1281","1464","3094","722","503","47","021","47021","2010"
"Chester County, Tennessee","5320","1060","0","30","192","12","330","274","234","294","937","998","1361","818","216","189","142","84","87","397","583","36","1190","2735","1670","836","100","5825","489","784","1178","564","530","443","852","407","268","682","218","199","47","023","47023","2010"
"Claiborne County, Tennessee","9852","1191","0","0","89","218","317","505","687","631","1452","1261","1599","1662","1068","422","321","156","89","883","614","304","1889","5051","2840","882","586","10395","316","1265","1776","2598","1374","532","1138","142","202","920","700","387","47","025","47025","2010"
"Clay County, Tennessee","2593","212","27","0","82","25","127","87","98","155","445","428","898","275","81","115","14","0","0","101","242","4","316","1661","828","221","36","2680","207","278","260","186","256","177","661","49","90","350","377","48","47","027","47027","2010"
"Cocke County, Tennessee","10837","1874","2","0","220","64","215","518","524","682","999","1412","1549","1832","1127","751","652","201","163","1321","1266","270","2057","5320","3408","1507","650","11725","323","1427","1974","1851","1741","619","1259","442","365","1972","745","279","47","029","47029","2010"
"Coffee County, Tennessee","18471","1954","78","40","274","160","641","977","1154","1445","1992","2642","2938","2996","1060","833","680","382","243","1777","1858","401","3759","8810","5129","2540","979","19370","888","3496","3903","2998","2654","1359","1653","492","488","1431","1088","527","47","031","47031","2010"
"Crockett County, Tennessee","5367","610","43","16","102","25","118","341","284","163","678","712","1228","845","454","128","238","89","29","510","464","134","1123","3042","1312","566","104","5655","255","959","899","653","1180","383","935","169","174","277","153","126","47","033","47033","2010"
"Cumberland County, Tennessee","16983","2068","81","33","175","314","619","1170","870","973","2121","3416","2994","2488","1151","499","695","478","146","1547","1106","254","3014","8183","5696","2178","948","17890","1004","1832","3666","3232","3191","1018","2122","317","418","1534","676","644","47","035","47035","2010"
"Davidson County, Tennessee","245237","30098","6034","877","5573","3781","12850","9274","8460","13746","25605","33212","45300","37219","30346","16160","19425","8345","3555","21100","19853","8070","83904","131112","52983","17334","7343","259145","5737","21640","37302","53528","57892","24157","50656","7383","8920","15543","5370","3472","47","037","47037","2010"
"Decatur County, Tennessee","3837","472","0","0","26","12","122","236","304","558","466","440","607","746","320","39","97","41","6","211","276","220","665","1646","1071","618","249","4055","182","801","523","810","338","140","761","133","65","231","182","181","47","039","47039","2010"
"DeKalb County, Tennessee","6297","744","11","0","194","61","191","512","412","691","1129","558","1125","778","300","279","298","42","91","665","427","27","1115","3256","1836","816","260","6640","602","1006","1155","1232","681","375","683","159","86","535","541","252","47","041","47041","2010"
"Dickson County, Tennessee","17518","3642","21","0","187","166","675","1274","1201","1707","3088","2861","3374","2137","1207","401","733","317","138","1461","1635","361","3264","8817","6247","2644","876","19220","620","2369","3010","2786","1868","768","2059","441","747","3792","2556","518","47","043","47043","2010"
"Dyer County, Tennessee","13779","1180","7","0","106","80","425","507","455","953","1605","1918","2123","2529","1181","537","511","251","146","982","1454","407","2877","7149","3531","1376","237","14325","819","2255","3668","3015","2198","489","1118","192","178","781","305","134","47","045","47045","2010"
"Fayette County, Tennessee","13626","1637","18","3","273","185","523","868","665","1322","1628","1792","3013","1817","1233","486","570","185","222","968","973","185","1633","6569","5203","1876","799","14370","349","901","928","1542","1666","930","2561","837","864","3107","1876","181","47","047","47047","2010"
"Fentress County, Tennessee","5307","616","10","0","57","63","437","406","213","352","994","1005","1151","758","218","29","26","196","48","303","354","37","1027","3193","1668","398","167","5575","272","702","835","749","944","206","1143","96","215","381","296","214","47","049","47049","2010"
"Franklin County, Tennessee","13573","1969","15","144","345","78","611","893","555","912","1935","2476","2057","2128","993","518","601","370","136","1123","1427","186","2332","6135","4880","1871","971","14495","806","2024","2531","2447","2734","909","2069","432","348","870","593","361","47","051","47051","2010"
"Gibson County, Tennessee","17611","1468","14","0","291","229","401","924","695","1074","1885","3227","3785","2636","1371","597","573","254","74","1349","1169","551","3915","8841","4485","1265","957","18305","1121","2378","2482","3236","2719","1098","3421","612","628","1130","403","385","47","053","47053","2010"
"Giles County, Tennessee","10371","930","0","0","103","96","284","604","618","984","1443","1461","1545","1551","742","310","313","128","26","1051","724","94","1702","3983","3426","1521","964","10785","507","1492","1754","1524","1466","562","1502","175","348","917","903","350","47","055","47055","2010"
"Grainger County, Tennessee","7393","1003","90","0","158","51","408","468","533","760","1125","1021","1256","991","547","147","442","125","77","654","549","203","1019","3164","3099","1148","470","7845","391","407","765","764","1095","688","1247","429","285","1593","780","251","47","057","47057","2010"
"Greene County, Tennessee","23634","2897","59","11","292","233","890","1585","1180","1706","2529","3248","3832","4002","1578","773","1003","332","224","2578","2556","227","4401","11423","7182","3442","1174","24970","823","3151","3735","5766","4396","2017","3184","635","561","1498","743","617","47","059","47059","2010"
"Grundy County, Tennessee","3651","612","14","0","92","16","426","333","202","288","464","341","676","507","312","212","90","122","0","384","454","50","774","1862","1232","590","303","3925","239","655","574","509","431","177","573","124","179","519","320","85","47","061","47061","2010"
"Hamblen County, Tennessee","21417","2919","113","32","152","295","810","996","571","1167","2215","2847","3475","3676","2399","1125","801","450","341","2050","2815","364","4476","11402","6678","2053","765","22730","873","3566","4858","5765","3641","997","1871","470","338","1183","945","421","47","063","47063","2010"
"Hamilton County, Tennessee","129082","15831","1483","335","3062","1178","4443","3395","3537","6033","11946","15027","22506","23296","17310","8327","8421","4514","1860","12538","12261","3959","30691","65543","34130","14083","5503","136360","3910","15209","23661","29966","30438","11994","19583","2986","3328","5664","2235","1997","47","065","47065","2010"
"Hancock County, Tennessee","1775","235","0","0","73","0","30","127","130","66","207","175","189","265","209","73","66","25","49","314","188","24","291","803","513","350","132","1890","192","299","253","184","115","190","224","75","40","183","185","143","47","067","47067","2010"
"Hardeman County, Tennessee","7381","1051","12","6","197","216","250","846","395","597","1113","1018","1380","793","644","180","173","239","79","759","647","286","1863","3718","2074","937","217","7870","607","1097","1084","1272","919","460","664","281","308","881","934","356","47","069","47069","2010"
"Hardin County, Tennessee","8270","1012","11","0","73","98","211","665","498","808","1141","1380","988","1420","446","154","374","163","130","530","767","145","1717","3856","2486","1093","378","8735","590","1427","1607","1631","1169","702","1157","61","106","481","274","259","47","071","47071","2010"
"Hawkins County, Tennessee","19944","1784","72","18","144","57","379","974","862","1514","2428","2725","3111","2950","1454","791","775","361","231","1761","2082","356","3271","9091","6203","2404","1073","20745","893","1824","2964","3534","3904","1679","2832","707","853","1859","680","290","47","073","47073","2010"
"Haywood County, Tennessee","6363","749","6","0","30","101","102","470","377","474","832","772","1146","979","496","156","191","80","12","493","771","270","1575","2847","1800","659","200","6705","319","1405","1218","962","699","226","774","425","228","498","322","173","47","075","47075","2010"
"Henderson County, Tennessee","9853","928","22","0","34","184","427","767","464","606","1463","1356","1945","1267","908","170","325","64","81","852","753","196","1805","4885","3077","1194","291","10290","589","1267","1876","1419","1326","710","1523","446","298","900","446","221","47","077","47077","2010"
"Henry County, Tennessee","10688","1454","90","10","126","36","356","519","267","495","1274","1793","2005","2579","753","344","292","257","149","771","906","115","2625","5404","3147","1137","332","11330","967","2138","2291","2011","1853","634","1075","124","192","445","324","350","47","079","47079","2010"
"Hickman County, Tennessee","7517","1961","48","0","77","50","377","638","845","877","1371","1057","1531","815","510","246","217","75","35","962","474","135","1173","3821","2888","1168","845","8410","322","597","906","999","1085","578","857","316","395","1342","1459","797","47","081","47081","2010"
"Houston County, Tennessee","2413","332","0","0","40","44","68","225","128","286","469","425","482","174","108","23","50","97","41","127","194","59","407","1109","839","417","66","2555","217","506","263","271","289","114","214","98","81","381","290","105","47","083","47083","2010"
"Humphreys County, Tennessee","6339","948","7","0","30","48","120","587","588","679","930","766","895","846","384","200","390","81","9","442","575","153","1307","3083","1950","705","294","6750","440","934","858","1139","1209","339","841","115","199","417","620","261","47","085","47085","2010"
"Jackson County, Tennessee","3518","516","0","0","46","36","160","423","435","288","323","488","1004","358","115","102","128","29","14","264","145","115","613","1685","1214","238","411","3765","162","135","183","393","662","197","1061","150","253","648","132","140","47","087","47087","2010"
"Jefferson County, Tennessee","17724","2505","89","0","440","123","578","838","906","1319","2001","2181","2676","2856","1736","874","760","440","410","1690","2194","285","2977","8921","5832","2106","1005","18890","827","2704","2193","2742","3023","1308","2858","918","822","2284","1011","191","47","089","47089","2010"
"Johnson County, Tennessee","5322","842","18","20","95","0","186","273","233","395","668","1158","710","894","407","175","201","182","22","416","563","21","1253","3071","1291","769","78","5715","489","600","1249","637","628","269","635","162","269","603","651","105","47","091","47091","2010"
"Knox County, Tennessee","173575","16446","1647","486","3366","1743","7670","4875","4013","6998","13049","18274","33743","33772","22408","12249","11994","6304","2194","12837","14553","4027","45323","90372","39896","15300","6721","181010","4450","17014","32633","42875","39752","15290","25963","3947","3521","6766","3154","1898","47","093","47093","2010"
"Lake County, Tennessee","1568","209","0","0","5","20","19","89","32","164","301","172","164","367","120","49","61","61","28","83","111","59","520","735","295","128","84","1660","137","319","311","163","267","66","196","41","115","105","66","16","47","095","47095","2010"
"Lauderdale County, Tennessee","8414","773","26","0","36","63","170","375","528","466","1087","1639","922","1201","433","233","250","206","96","1054","822","198","1943","4139","1804","1246","152","8770","375","1434","1585","1666","1362","273","1226","256","120","338","501","176","47","097","47097","2010"
"Lawrence County, Tennessee","13676","1770","50","0","109","144","431","1199","864","1194","2038","2208","2025","1946","913","391","522","341","263","1018","827","363","1891","6158","5055","1880","833","14475","732","2505","2586","2190","1665","839","1692","564","333","943","858","842","47","099","47099","2010"
"Lewis County, Tennessee","3590","453","0","0","63","0","183","345","197","303","549","607","625","570","246","45","135","60","27","168","229","26","515","1804","1228","473","243","3795","457","751","767","194","223","34","390","143","129","441","426","151","47","101","47101","2010"
"Lincoln County, Tennessee","12173","1402","30","0","125","140","365","873","1019","1177","1591","1914","2415","1473","795","388","444","90","0","839","852","146","1928","6113","3941","1531","576","12800","701","1668","1712","2260","1519","531","1377","394","626","2068","690","324","47","103","47103","2010"
"Loudon County, Tennessee","16176","2495","46","8","264","133","526","639","839","1214","1973","2285","3102","2918","1661","645","1016","248","111","1300","1171","167","3115","7994","4961","2444","967","17325","780","2506","2428","2681","3090","1188","3093","735","525","1244","602","250","47","105","47105","2010"
"McMinn County, Tennessee","17637","2005","49","35","505","57","760","1027","732","1337","2084","2168","2442","2850","1853","1077","629","390","273","1482","1944","267","3436","8498","5599","2139","915","18530","1410","2677","3477","3287","2813","1084","2059","394","606","1264","840","377","47","107","47107","2010"
"McNairy County, Tennessee","7822","1179","89","0","107","75","138","548","561","820","854","1311","1235","1459","451","327","344","117","39","453","753","73","1480","4250","2356","781","470","8365","445","1223","1717","1447","1465","489","1056","138","191","427","499","175","47","109","47109","2010"
"Macon County, Tennessee","6795","1193","30","0","116","116","247","735","517","567","1065","1226","1525","854","454","93","112","23","38","634","407","334","1111","2893","2272","1406","481","7345","382","867","1369","726","892","265","1032","171","286","879","1020","361","47","111","47111","2010"
"Madison County, Tennessee","37239","3297","365","27","555","323","1082","1688","951","1502","3528","5390","6003","6863","3695","1653","2315","1108","413","3430","3267","1272","8421","18010","10021","3561","1179","38745","975","5031","9073","9462","7381","1912","4378","508","447","1186","749","704","47","113","47113","2010"
"Marion County, Tennessee","9340","1358","18","0","122","72","389","1450","991","810","1036","1252","1333","1076","562","328","301","166","36","758","811","162","1729","4483","2654","1500","771","9945","517","1374","1220","1176","1276","614","1283","592","730","1281","620","227","47","115","47115","2010"
"Marshall County, Tennessee","11138","1095","43","0","120","165","358","730","679","767","1768","1741","1968","1125","742","263","418","106","49","1125","1080","144","1942","5130","3702","1583","418","11625","520","1527","1911","1676","1019","540","1300","434","620","1387","1313","314","47","117","47117","2010"
"Maury County, Tennessee","29730","4541","9","19","317","286","1160","1515","1432","2116","4721","4069","5247","4192","2755","1081","1491","688","385","2671","2539","588","6347","15603","8583","3265","1676","31785","734","3524","5033","5644","3860","1958","4114","1179","1570","4376","2344","566","47","119","47119","2010"
"Meigs County, Tennessee","3110","613","16","0","214","102","56","252","391","171","333","441","475","524","407","94","164","81","12","292","418","67","625","1484","1193","560","182","3385","321","389","465","448","398","191","654","137","113","356","444","139","47","121","47121","2010"
"Monroe County, Tennessee","14394","1762","0","0","300","106","407","716","1069","1649","2245","1649","2359","1885","1019","566","518","334","197","867","1489","220","2485","7202","4250","1808","995","15200","905","1649","1996","2099","2218","1360","2338","534","622","1753","738","350","47","123","47123","2010"
"Montgomery County, Tennessee","62712","7164","366","54","1232","826","1694","4759","4962","6723","7979","8911","8687","6916","4941","2179","3305","1539","872","5633","4948","1217","13456","34722","15925","5150","2248","65890","1571","5940","10680","14243","12680","4880","8913","1684","1678","5095","3864","1126","47","125","47125","2010"
"Moore County, Tennessee","2525","187","0","21","17","11","72","171","127","142","306","320","568","289","234","99","60","116","12","168","149","0","471","973","953","308","128","2610","94","166","220","516","524","245","427","133","95","195","39","107","47","127","47127","2010"
"Morgan County, Tennessee","6403","942","16","11","168","114","230","422","644","812","868","914","1055","985","535","236","200","126","26","417","414","54","968","3273","2291","793","505","6820","346","462","658","901","807","502","1065","239","446","1279","677","272","47","129","47129","2010"
"Obion County, Tennessee","11812","1522","15","9","144","139","300","645","470","758","1260","2184","1980","1862","624","611","452","310","130","1128","1227","336","2744","6077","3288","1055","441","12495","756","2472","2385","2269","1949","556","1724","220","207","438","364","301","47","131","47131","2010"
"Overton County, Tennessee","7514","944","21","0","31","38","339","517","457","373","993","1468","2007","1059","236","238","119","79","48","574","380","89","1431","3744","2147","988","488","7905","259","778","1267","876","1252","354","1672","286","304","664","441","395","47","133","47133","2010"
"Perry County, Tennessee","2203","397","46","0","42","0","66","278","159","342","408","315","312","268","116","49","88","12","3","178","160","50","406","1076","576","271","375","2370","130","477","350","353","310","98","356","113","5","170","187","139","47","135","47135","2010"
"Pickett County, Tennessee","1948","228","0","0","61","11","39","61","96","104","489","239","761","132","86","17","36","27","18","78","104","58","439","999","467","210","114","2050","83","280","349","206","236","30","260","73","35","454","165","77","47","137","47137","2010"
"Polk County, Tennessee","4857","932","5","0","91","28","366","447","331","452","614","632","641","593","491","142","236","59","47","693","535","117","652","2037","1599","1103","771","5280","199","553","338","527","1089","443","1192","97","213","689","334","239","47","139","47139","2010"
"Putnam County, Tennessee","25185","2618","21","41","431","231","806","1205","873","1446","2670","3200","5588","4552","2125","837","1261","427","309","2294","1740","358","4902","13216","7249","2532","832","26380","1128","3534","5939","5244","5017","999","3523","541","223","958","826","595","47","141","47141","2010"
"Rhea County, Tennessee","9582","1493","0","0","186","59","561","1133","646","743","1652","920","1270","1421","780","400","430","242","99","797","787","207","1916","4532","2939","1587","591","10255","644","1497","1982","1748","1252","488","944","259","244","1124","877","261","47","143","47143","2010"
"Roane County, Tennessee","18501","2497","55","42","217","235","630","1134","880","1599","2230","2657","2748","2981","1816","750","734","428","228","1646","1716","160","3379","8986","6336","2278","1024","19660","554","1764","2812","3377","3012","1527","3303","912","712","2444","741","389","47","145","47145","2010"
"Robertson County, Tennessee","24235","3396","27","0","166","292","1494","1816","1365","1982","4049","3997","4155","3281","1551","923","1113","297","132","1839","1616","550","3729","12576","7472","3620","1663","25800","883","2468","3503","3105","3071","1664","3831","1007","1696","4522","1829","537","47","147","47147","2010"
"Rutherford County, Tennessee","104360","11545","484","241","1532","913","3388","4706","4480","7071","14727","16701","19678","12216","8267","3266","5042","2454","1045","9426","9996","1186","19894","55932","28024","11892","4518","109540","2670","10916","15721","19508","16031","7121","16174","3851","5280","14161","5964","1678","47","149","47149","2010"
"Scott County, Tennessee","6486","1115","46","0","37","102","96","550","348","689","678","869","1158","1423","505","161","311","116","4","591","383","102","1131","2703","2497","888","515","6965","429","1080","1267","1254","1176","171","795","29","78","416","749","342","47","151","47151","2010"
"Sequatchie County, Tennessee","4207","581","0","0","116","53","153","424","266","386","561","475","715","328","408","216","131","51","156","537","303","25","962","1564","1857","426","276","4470","118","639","702","434","399","214","573","132","242","1092","382","30","47","153","47153","2010"
"Sevier County, Tennessee","33020","6369","239","76","708","294","1327","1466","1157","1524","2837","3994","6232","5336","4892","2581","3058","1663","655","2931","2380","803","6967","18352","10724","3723","1440","35965","1316","3398","4580","6165","7212","3242","6934","1729","1225","2905","1403","597","47","155","47155","2010"
"Shelby County, Tennessee","333666","44784","7158","598","6968","4139","10900","13204","11841","13703","35193","42678","63693","51929","42885","20402","24729","10213","4968","29764","32111","14723","109896","169717","75540","25220","9752","353820","8346","34911","55365","70052","78329","32312","66147","10575","10026","19033","8051","4166","47","157","47157","2010"
"Smith County, Tennessee","6654","797","8","0","165","104","265","703","417","495","937","772","1442","1010","248","95","175","96","90","568","680","55","945","3164","2341","892","596","7030","434","846","793","1079","987","526","931","236","188","796","707","205","47","159","47159","2010"
"Stewart County, Tennessee","3843","665","0","0","43","156","164","294","491","309","482","498","725","424","256","63","159","72","44","562","328","83","733","1858","1358","588","251","4165","204","453","427","679","343","276","522","114","332","627","531","199","47","161","47161","2010"
"Sullivan County, Tennessee","57769","5494","72","16","749","487","1705","1849","1618","3548","5410","6093","10579","10475","6908","2992","3526","1420","696","4349","5124","845","10498","27352","17446","6391","3259","60330","1863","7836","12720","13074","10443","3949","7715","1162","1580","2253","976","1016","47","163","47163","2010"
"Sumner County, Tennessee","59287","7954","251","77","557","607","3510","2973","2538","4046","7739","9509","11074","7512","5734","2688","3173","1452","759","4753","4783","707","12334","29849","19394","6823","3136","62920","1910","6569","9266","7606","8170","4554","10690","2795","3928","7807","4230","1208","47","165","47165","2010"
"Tipton County, Tennessee","22360","2506","84","0","268","245","444","1126","1244","1674","3261","3658","4719","2238","1455","937","898","467","423","1693","1670","255","3960","9902","7368","2817","1605","23520","758","2154","2536","3081","2579","1041","2192","1162","1301","5221","2928","510","47","167","47167","2010"
"Trousdale County, Tennessee","2829","426","14","0","53","54","106","202","243","240","378","569","567","285","254","80","66","51","29","284","128","46","572","1150","964","454","296","3035","169","475","221","237","200","180","565","214","137","312","576","90","47","169","47169","2010"
"Unicoi County, Tennessee","6378","536","91","0","105","122","309","189","131","475","547","609","1681","867","801","180","365","96","11","678","602","102","1318","2627","2158","825","436","6610","463","964","1253","1193","888","397","935","212","105","406","251","165","47","171","47171","2010"
"Union County, Tennessee","6131","833","18","0","70","45","263","427","268","417","1006","966","1141","738","550","245","292","185","100","399","363","89","1222","2555","1942","1116","436","6525","55","689","648","811","509","298","1238","225","514","1214","741","155","47","173","47173","2010"
"Van Buren County, Tennessee","1814","166","8","0","35","32","61","52","101","199","456","218","229","235","60","12","92","23","19","217","142","54","341","618","699","404","0","1895","118","235","230","533","197","78","358","28","66","142","27","43","47","175","47175","2010"
"Warren County, Tennessee","13632","1282","12","0","232","76","661","1220","698","1142","1780","2083","2007","1596","1259","384","423","109","98","1084","1351","190","2785","6483","3665","1917","732","14195","624","2137","2523","2591","2237","829","1424","156","310","1117","709","577","47","177","47177","2010"
"Washington County, Tennessee","46064","3991","144","30","682","511","1840","1098","1377","2134","3165","4106","10084","6811","7237","2224","2484","1374","802","3846","4680","774","10423","23257","11475","4387","2035","47890","1726","6702","10161","10029","8119","4105","5617","1028","742","1544","810","839","47","179","47179","2010"
"Wayne County, Tennessee","4678","1006","29","0","91","5","111","442","402","311","745","856","1169","589","199","34","118","158","51","398","337","80","651","2171","1541","1085","392","5120","429","835","681","762","692","210","730","165","293","437","371","204","47","181","47181","2010"
"Weakley County, Tennessee","12226","1125","42","21","409","188","364","465","561","1013","1532","1663","1855","2046","1081","385","462","192","127","1480","1149","198","2541","6398","3316","1154","359","12740","690","2499","2336","2223","2262","748","1351","249","241","476","658","278","47","183","47183","2010"
"White County, Tennessee","8601","1311","18","0","78","97","535","507","433","519","1200","1657","1429","1132","686","124","342","171","53","1044","808","147","1841","4297","2767","1048","540","9225","264","1074","1884","1863","1689","560","1488","287","82","254","312","348","47","185","47185","2010"
"Williamson County, Tennessee","66146","8519","319","43","538","821","6577","1565","1590","2895","6774","9787","14700","10702","10150","4503","4925","1691","420","3619","3065","659","8928","41792","21967","7296","2321","69960","1425","5747","9028","9769","10902","6020","13893","3400","4671","8050","2183","1298","47","187","47187","2010"
"Wilson County, Tennessee","44365","4920","356","69","350","542","2170","2188","2434","3320","6471","7892","8524","5015","3746","1625","1870","928","527","2598","3464","797","6601","23263","14621","4655","2765","46635","677","3844","6297","6325","6796","3816","8374","1979","2486","6807","2421","780","47","189","47189","2010"
