"Name","Male_LT_5","Female_LT_5","Male_5_T_9","Female_5_T_9","Male_10_T_14","Female_10_T_14","Male_15_T_17","Female_15_T_17","Male_18_T_19","Female_18_T_19","Male_20","Female_20","Male_21","Female_21","Male_22_T_24","Female_22_T_24","Male_25_T_29","Female_25_T_29","Male_30_T_34","Female_30_T_34","Male_35_T_39","Female_35_T_39","Male_40_T_44","Female_40_T_44","Male_45_T_49","Female_45_T_49","Male_50_T_54","Female_50_T_54","Male_55_T_59","Female_55_T_59","Male_60_T_61","Female_60_T_61","Male_62_T_64","Female_62_T_64","Male_65_T_66","Female_65_T_66","Male_67_T_69","Female_67_T_69","Male_70_T_74","Female_70_T_74","Male_75_T_79","Female_75_T_79","Male_80_T_84","Female_80_T_84","Male_GE_85","Female_GE_85","STATEFP","COUNTYFP","STATE_FIPS","Year"
"Meigs County, Tennessee","296","330","365","245","316","462","248","220","120","116","89","20","32","34","173","235","347","317","351","279","278","333","412","387","414","407","435","510","502","436","149","305","223","220","219","250","244","229","392","364","237","209","125","170","72","120","47","121","47121","2020"
"Montgomery County, Tennessee","8916","8202","7959","7512","7229","7228","4053","3840","2544","2668","1642","2397","1694","1482","5927","4333","10985","10075","9174","8753","7666","7521","6094","6207","5506","5940","5259","5600","4623","5312","2116","2537","2378","2555","1684","2069","1912","1672","1930","2656","1315","1754","866","1130","733","1344","47","125","47125","2020"
"Moore County, Tennessee","211","112","236","179","90","166","150","92","25","81","33","59","42","64","127","56","146","175","158","160","162","181","239","174","223","207","246","194","199","246","60","71","205","278","100","125","123","80","130","191","130","97","87","85","49","152","47","127","47127","2020"
"Obion County, Tennessee","836","900","714","872","1128","932","617","612","444","293","148","172","158","174","418","538","921","922","712","828","754","1035","1112","855","907","902","982","1008","1121","1250","437","341","511","607","320","346","550","664","739","878","515","661","230","382","379","518","47","131","47131","2020"
"Overton County, Tennessee","668","521","620","549","774","785","436","410","247","241","139","129","88","174","402","308","730","641","506","599","553","761","737","525","698","762","728","777","639","763","271","358","576","525","376","147","466","522","443","737","387","350","213","411","185","294","47","133","47133","2020"
"Pickett County, Tennessee","136","113","186","255","72","115","68","4","50","60","0","4","64","25","34","28","114","147","109","103","90","99","187","153","141","150","196","187","191","200","66","72","125","139","68","103","48","121","288","178","122","163","95","99","48","52","47","137","47137","2020"
"Polk County, Tennessee","400","392","356","390","534","495","326","291","180","133","117","94","134","7","186","339","510","418","432","431","493","459","417","497","601","584","800","658","830","762","123","163","273","446","265","157","291","296","436","602","439","411","101","161","160","217","47","139","47139","2020"
"Rhea County, Tennessee","998","1048","1170","977","931","1075","728","571","420","410","116","310","126","178","827","614","1087","933","941","1005","1068","956","729","886","1015","1041","1133","1170","1035","1045","464","274","755","918","382","372","619","581","706","918","509","546","341","461","192","383","47","143","47143","2020"
"Roane County, Tennessee","1287","1094","1412","1510","1452","1253","1006","961","654","572","413","319","247","174","697","868","1441","1478","1391","1336","1326","1449","1369","1356","1727","1783","1946","2037","1996","1963","855","1065","1350","1438","800","660","981","1160","1602","1761","1217","1490","463","671","479","822","47","145","47145","2020"
"Rutherford County, Tennessee","10772","10320","11045","10622","12034","11492","6813","6779","4930","4741","3181","3030","3526","3124","8239","8844","12814","12414","11257","11585","11656","11896","10646","11522","10800","11063","9812","10321","9546","9809","3665","3692","3593","4493","2739","2658","3316","3906","3684","5067","2688","3530","1316","1952","1227","1980","47","149","47149","2020"
"Scott County, Tennessee","702","653","698","578","832","810","466","489","341","207","57","104","136","186","353","311","714","710","608","606","860","765","603","661","690","707","750","732","725","818","225","180","465","573","223","313","350","291","502","548","366","355","144","293","104","216","47","151","47151","2020"
"Sequatchie County, Tennessee","409","334","450","391","321","365","385","230","226","161","77","38","58","61","232","255","486","420","635","415","422","378","411","458","495","478","469","526","491","652","222","213","404","277","241","246","345","280","309","429","326","376","107","252","100","80","47","153","47153","2020"
"Shelby County, Tennessee","33195","32409","31189","31146","35134","33019","19144","18936","11749","11423","6322","5678","5942","6881","19036","19792","35771","38088","31297","33953","28910","32360","26361","29274","27452","30943","27093","30866","26646","31222","9594","13650","16995","18190","9294","10537","10997","14757","14486","18298","9356","11959","4370","7842","4239","10816","47","157","47157","2020"
"Smith County, Tennessee","620","506","514","599","860","577","416","410","212","191","99","87","124","78","336","400","641","578","629","579","542","689","545","477","640","712","813","775","918","688","227","360","382","401","264","168","197","502","516","400","265","253","164","224","103","245","47","159","47159","2020"
"Sullivan County, Tennessee","3969","3708","4136","3899","4604","4405","2947","2794","1685","1525","1071","695","857","1116","2716","2360","4815","4664","4142","4395","4314","4195","4383","4823","5485","5500","5479","5831","5164","6312","2176","2177","3474","3391","2251","1910","2807","3360","3986","5098","3235","3621","1663","2424","1338","2807","47","163","47163","2020"
"Sumner County, Tennessee","5776","5516","6523","6640","6312","5672","3938","3817","2181","1955","872","927","1088","916","3242","3131","5890","5945","5639","6258","6489","6047","5687","6680","6458","6682","6340","6517","5896","6800","2673","2473","3321","3490","2179","2429","2878","3302","3393","3882","2521","2944","1235","1497","1075","2554","47","165","47165","2020"
"Trousdale County, Tennessee","373","142","425","301","268","219","160","105","349","72","115","0","191","31","281","87","926","373","837","425","374","151","474","340","342","295","310","303","412","279","89","155","119","133","143","161","113","151","165","182","155","125","23","164","24","48","47","169","47169","2020"
"Unicoi County, Tennessee","345","325","391","423","516","364","289","282","192","163","83","114","275","122","189","242","637","483","279","426","551","489","727","479","595","581","657","631","521","749","407","240","387","436","251","211","496","294","394","757","424","335","222","308","152","387","47","171","47171","2020"
"Van Buren County, Tennessee","164","163","93","136","214","139","87","117","46","90","1","0","105","18","58","88","155","129","137","124","144","153","220","214","195","223","192","193","223","226","116","110","98","101","82","79","145","123","193","219","97","107","72","100","46","78","47","175","47175","2020"
"Warren County, Tennessee","1255","1200","1355","1364","1403","1213","1098","772","416","436","438","128","280","198","653","670","1234","1301","1162","1302","1227","1285","1348","1274","1299","1280","1415","1295","1350","1441","481","696","833","740","474","417","541","705","919","1108","724","745","309","466","249","472","47","177","47177","2020"
"Wayne County, Tennessee","370","413","441","344","411","358","299","257","149","82","56","54","74","96","459","223","761","415","694","451","693","334","638","522","658","490","745","539","473","587","241","290","540","284","184","136","297","443","404","387","232","415","213","204","108","174","47","181","47181","2020"
"Weakley County, Tennessee","892","790","1162","828","751","869","569","567","806","758","422","548","479","539","982","863","1068","1027","751","820","828","842","929","943","918","945","1028","1040","1059","1132","422","487","677","520","366","438","661","594","568","802","459","779","324","323","273","529","47","183","47183","2020"
"Williamson County, Tennessee","6932","6765","9230","8827","9690","9418","6180","5973","3047","2535","1379","1313","799","1121","3825","3547","4969","5088","5484","6306","7735","8009","8706","9437","9206","9481","8230","8690","7606","8376","3159","3177","3736","3827","2259","2562","3016","2925","3778","4457","1950","3113","1919","1924","1071","1603","47","187","47187","2020"
"Wilson County, Tennessee","4318","4144","4573","4533","5100","4801","2861","2881","1772","1484","897","584","502","529","2333","2644","3933","3931","4169","4448","4775","4752","4736","5254","5221","5106","4749","4896","4650","5025","2036","1876","2355","2826","1770","2130","2308","2252","2429","2841","1859","2064","816","1417","768","1256","47","189","47189","2020"
"Bedford County, Tennessee","1563","1720","1550","1728","2019","1839","1204","854","466","461","481","236","391","195","770","913","1819","1836","1618","1399","1162","1433","1656","1647","1544","1731","1686","1626","1027","1552","1012","531","872","1121","247","357","714","618","1026","1381","754","676","267","519","249","467","47","003","47003","2020"
"Blount County, Tennessee","3257","3261","3606","3782","4018","3569","2572","2485","1558","1501","609","591","873","1037","2137","2022","3990","3939","3769","3730","3776","4123","3594","3634","4391","4629","4631","4832","4557","5242","1969","1879","2573","2887","1383","1761","2670","2438","3294","4173","2456","2701","1231","1691","919","1901","47","009","47009","2020"
"Cannon County, Tennessee","388","390","547","500","351","365","283","246","162","113","114","61","84","43","183","251","517","529","418","490","605","394","243","390","507","475","574","503","549","505","131","249","325","295","136","207","161","303","391","321","203","219","152","142","89","270","47","015","47015","2020"
"Cheatham County, Tennessee","1192","1040","1165","870","1407","1534","882","824","491","370","217","364","79","172","830","540","1345","1233","1352","1354","1269","1603","1257","1071","1403","1385","1590","1593","1523","1796","725","580","664","756","582","440","642","656","712","912","426","612","248","331","220","282","47","021","47021","2020"
"Clay County, Tennessee","162","217","296","210","192","225","87","187","78","88","53","46","70","32","82","58","186","193","173","169","236","187","188","217","256","241","289","300","294","313","61","79","177","164","84","111","128","205","267","248","147","237","127","158","70","52","47","027","47027","2020"
"Crockett County, Tennessee","479","380","401","474","519","526","320","295","217","185","77","60","23","73","201","251","457","421","420","418","399","392","371","508","473","477","428","451","464","588","264","236","191","169","146","180","266","333","335","290","213","315","101","176","117","230","47","033","47033","2020"
"Decatur County, Tennessee","321","270","429","255","338","387","224","208","109","142","46","37","77","4","178","172","325","276","253","271","275","357","335","342","332","335","408","389","378","415","126","195","328","273","168","118","235","289","389","463","202","216","163","330","107","173","47","039","47039","2020"
"Jackson County, Tennessee","267","249","325","373","269","247","231","179","121","102","54","28","140","130","119","139","360","314","279","292","356","459","280","221","392","379","434","443","527","488","211","269","237","202","202","176","329","273","317","341","239","298","105","164","96","111","47","087","47087","2020"
"Knox County, Tennessee","13705","12890","13583","12550","14395","14234","8492","8219","7089","6813","5410","4488","4506","4125","11026","11910","16588","16635","14960","15754","14658","15803","14032","13771","14426","14891","14188","15197","14214","15851","5729","5932","7790","8653","4107","5335","6959","7531","8920","10750","5246","7333","3539","4575","3117","6265","47","093","47093","2020"
"Lawrence County, Tennessee","1467","1426","1649","1388","1531","1590","946","936","564","429","207","268","273","151","693","746","1370","1522","1217","1297","1328","1294","1122","1135","1417","1450","1516","1463","1567","1476","448","558","756","872","501","341","695","818","864","1183","599","772","452","589","296","598","47","099","47099","2020"
"Loudon County, Tennessee","1529","1176","1673","1155","1281","1740","948","805","548","503","322","195","283","381","724","788","1294","1220","1337","1200","1114","1585","1376","1283","1697","1740","1588","1696","1685","2195","906","757","1259","1198","908","837","1290","1563","1749","1937","1177","1356","863","909","551","848","47","105","47105","2020"
"Macon County, Tennessee","813","865","944","745","907","850","447","475","249","274","182","185","188","75","352","516","781","826","756","771","771","663","618","724","815","771","808","831","822","958","418","176","361","482","226","269","410","362","444","603","336","485","112","225","134","183","47","111","47111","2020"
"Marshall County, Tennessee","1097","905","1247","1141","1082","979","703","697","458","431","81","100","223","116","585","560","1034","1161","1132","1161","1013","1091","1094","1102","1137","1062","1070","1170","1004","1090","440","628","828","656","412","316","476","876","688","694","514","468","218","344","105","319","47","117","47117","2020"
"Monroe County, Tennessee","1287","1333","1293","1248","1539","1382","884","950","505","508","208","257","166","276","787","651","1432","1320","1303","1236","1398","1346","1259","1193","1434","1556","1566","1534","1698","1907","412","640","1140","947","634","585","920","937","1361","1608","882","916","536","534","252","653","47","123","47123","2020"
"Morgan County, Tennessee","525","545","527","387","643","739","393","387","217","194","123","22","68","139","661","342","939","573","884","499","885","622","744","485","898","667","881","730","736","688","302","287","487","446","364","395","358","274","434","546","358","364","151","287","158","184","47","129","47129","2020"
"Perry County, Tennessee","276","302","189","240","293","188","152","214","130","38","0","64","84","99","142","58","215","245","205","201","123","265","302","212","263","212","238","289","229","341","140","106","234","87","68","112","127","133","279","243","125","105","99","155","80","118","47","135","47135","2020"
"Putnam County, Tennessee","2114","2429","1979","2188","2607","2202","1466","1414","1591","1240","1112","788","927","1102","2423","1802","2884","2689","2335","2330","1999","2217","2627","2153","2321","2285","2264","2574","2009","2163","1081","1201","1312","1579","757","690","1286","1531","1527","1936","1204","1255","559","958","455","977","47","141","47141","2020"
"Robertson County, Tennessee","2325","2125","2352","2209","2491","2463","1538","1479","803","694","366","427","571","374","1004","1118","2383","2308","2320","2234","2637","2255","1847","2349","2482","2445","2438","2591","2718","2748","903","878","1219","1457","754","764","1056","1216","1237","1395","859","1255","559","613","314","409","47","147","47147","2020"
"Sevier County, Tennessee","2839","2444","2555","2467","3427","2830","1904","1743","1118","960","491","567","798","596","1600","1431","3131","3172","2741","2651","3119","2710","2681","3001","3278","3337","3181","3549","3819","3494","984","1974","1999","2179","1410","1293","1753","2187","2400","2798","1660","1526","823","1162","774","1451","47","155","47155","2020"
"Stewart County, Tennessee","353","422","476","305","364","419","263","278","121","167","50","115","127","126","177","101","438","418","339","401","303","317","456","463","437","420","494","537","459","470","283","232","227","317","209","222","272","247","291","345","191","289","113","250","129","120","47","161","47161","2020"
"Tipton County, Tennessee","1877","1771","2234","1809","2219","2374","1397","1333","965","868","288","265","410","428","1039","926","2091","1938","1914","1715","1986","2459","1800","1832","2030","2060","2136","2139","2402","2479","694","952","915","919","714","637","750","931","1142","1339","649","882","455","698","270","431","47","167","47167","2020"
"Union County, Tennessee","526","503","599","462","650","773","381","382","201","182","200","100","92","185","292","213","591","591","530","586","558","612","606","631","612","661","684","727","730","692","340","388","397","445","289","206","316","303","486","612","232","419","285","158","55","195","47","173","47173","2020"
"Washington County, Tennessee","3374","3036","3382","3247","3655","3716","2185","2043","1943","2000","1310","1385","1145","1359","2971","3188","4483","4542","3750","3791","4205","3525","3401","3716","4151","4221","4079","4321","4130","4373","1543","1837","2463","2975","1469","1325","2117","2150","2965","3667","1802","2370","1108","1719","1172","1565","47","179","47179","2020"
"White County, Tennessee","861","767","813","834","925","758","477","509","269","272","175","72","115","94","392","538","833","852","761","742","516","951","960","764","813","895","925","931","738","863","245","293","756","893","398","282","411","570","678","814","519","437","233","515","197","431","47","185","47185","2020"
"Anderson County, Tennessee","2244","1937","2387","1997","2240","2464","1480","1430","829","661","323","329","303","448","1446","1241","2525","2396","2234","2300","2050","2160","2351","2143","2329","2646","2499","2707","2473","2977","1489","1015","1449","1818","693","1053","1397","1774","1973","1879","1216","1272","812","1426","612","1086","47","001","47001","2020"
"Benton County, Tennessee","415","383","417","372","588","481","264","281","260","58","162","185","93","72","140","198","398","390","388","375","352","371","487","478","510","514","566","651","567","630","212","194","352","477","228","305","453","287","427","552","336","322","192","304","151","295","47","005","47005","2020"
"Bledsoe County, Tennessee","312","262","327","212","375","342","232","204","124","123","36","105","195","23","217","121","1335","367","591","281","489","379","851","347","646","389","670","466","769","537","192","209","240","277","194","151","313","345","339","306","285","250","154","62","72","245","47","007","47007","2020"
"Bradley County, Tennessee","3173","2951","3171","3045","3438","3311","2247","2033","1576","1813","1092","866","604","913","1821","1693","3501","3662","3089","3077","3246","3455","3288","3341","3745","3453","3557","3706","3441","3866","1397","1523","1754","1828","1191","1449","1292","2075","2281","2422","1373","1786","978","1210","735","1456","47","011","47011","2020"
"Campbell County, Tennessee","1144","1119","1126","1028","1202","1068","725","755","379","365","146","193","82","137","896","729","1274","1263","1060","1096","959","1366","1331","954","1422","1451","1415","1405","1477","1542","500","447","675","919","522","638","705","799","936","1043","711","916","586","650","275","387","47","013","47013","2020"
"Carroll County, Tennessee","773","775","839","735","1037","850","547","432","409","407","117","222","287","181","443","469","959","755","690","751","740","679","683","817","990","902","934","1031","1112","956","370","318","427","659","400","202","496","554","613","959","387","435","306","500","217","476","47","017","47017","2020"
"Carter County, Tennessee","1247","1250","1398","1231","1613","1700","1010","901","519","473","284","360","284","287","823","855","1816","1726","1808","1789","1541","1400","1594","1704","1894","2106","2167","2013","2301","2041","591","857","1148","1451","843","690","1089","1418","1426","1540","1242","1146","395","940","570","971","47","019","47019","2020"
"Chester County, Tennessee","499","465","445","515","543","643","353","341","360","493","200","197","158","196","317","252","563","529","465","451","638","402","344","613","511","503","539","643","387","513","275","168","355","400","144","162","235","275","479","426","266","303","142","199","69","284","47","023","47023","2020"
"Claiborne County, Tennessee","850","807","669","780","975","811","552","522","379","431","115","185","299","370","654","587","1151","1179","942","841","1098","761","726","990","1029","1074","1054","1133","1150","1231","494","518","512","704","544","550","560","690","689","779","462","565","294","402","266","453","47","025","47025","2020"
"Cocke County, Tennessee","934","954","1079","815","1116","1095","734","576","328","318","156","88","132","118","599","675","1007","1165","836","997","722","947","1203","1140","1128","1226","1339","1259","1208","1500","509","523","843","920","751","522","625","605","934","1254","532","787","502","381","268","447","47","029","47029","2020"
"Coffee County, Tennessee","1848","1641","2114","1982","1756","1897","1179","994","638","568","344","519","207","243","1053","811","1842","1787","1643","1726","1664","1771","1710","1691","1728","1770","1882","1890","1891","2148","769","438","1059","1187","683","383","865","1288","960","1282","818","1199","404","717","464","571","47","031","47031","2020"
"Cumberland County, Tennessee","1440","1351","1433","1541","1764","1246","858","850","468","405","326","415","251","289","879","594","1639","1528","1362","1443","1386","1351","1296","1483","1585","1666","1721","1804","2235","2264","600","977","1307","1756","800","922","1551","2140","2700","2610","1632","1815","1280","1035","821","1197","47","035","47035","2020"
"Davidson County, Tennessee","23406","22655","18746","19785","20115","18457","10491","10192","8979","9139","3501","4695","4413","4491","15729","17027","34983","38662","32687","33597","24789","26534","22489","20848","20137","20558","19471","20208","19337","23728","7481","8387","9983","10092","6039","7637","7654","9245","9618","11540","6232","7974","3446","5819","2801","6743","47","037","47037","2020"
"DeKalb County, Tennessee","584","584","760","587","565","515","398","386","198","157","139","136","114","49","294","294","585","607","649","588","739","689","541","525","704","640","695","682","605","634","472","372","380","460","266","282","331","480","496","386","345","274","108","293","179","337","47","041","47041","2020"
"Dickson County, Tennessee","1733","1471","1662","1793","1850","1573","1196","1001","594","429","502","387","204","204","702","874","1750","1922","1773","1745","2077","2180","1255","1231","1752","1815","1889","1811","1571","1929","801","774","1120","1206","615","745","768","887","1056","1139","667","762","460","524","249","641","47","043","47043","2020"
"Dyer County, Tennessee","1184","1054","1210","1118","1381","1326","747","819","476","382","299","99","218","353","635","687","1114","1185","1093","1160","814","1192","1338","1026","1147","1316","1216","1231","1330","1399","499","620","511","525","354","377","598","870","792","879","570","758","220","369","286","424","47","045","47045","2020"
"Fayette County, Tennessee","995","967","985","980","1288","1101","803","623","414","369","291","107","127","221","610","652","1103","1146","1169","1155","1132","1471","1125","850","1244","1307","1406","1523","1560","1890","664","674","1099","909","587","700","786","920","1279","1133","621","740","491","709","280","406","47","047","47047","2020"
"Fentress County, Tennessee","545","537","566","576","505","424","357","332","216","165","112","72","213","181","174","218","532","485","471","447","632","600","386","368","718","610","622","666","779","621","190","227","372","543","281","366","474","423","428","504","233","344","190","243","220","237","47","049","47049","2020"
"Franklin County, Tennessee","1089","973","1388","1108","924","1282","807","843","787","739","397","384","449","415","827","730","1152","1246","1102","1089","1295","1210","1024","1057","1256","1356","1233","1360","1541","1649","712","585","662","913","721","719","615","715","1107","1102","829","744","354","540","289","680","47","051","47051","2020"
"Gibson County, Tennessee","1535","1519","1696","1772","1759","1487","981","1142","532","583","268","215","300","200","916","896","1445","1523","1306","1548","1684","1310","1263","1750","1466","1551","1535","1658","1717","1933","607","748","882","728","496","583","740","771","1078","1301","537","956","404","662","451","759","47","053","47053","2020"
"Giles County, Tennessee","988","760","598","748","1022","888","489","616","387","440","288","143","106","101","511","609","873","809","727","800","792","810","819","710","982","1019","930","1049","1088","1166","495","346","697","711","334","317","552","777","757","722","495","650","310","337","168","467","47","055","47055","2020"
"Grainger County, Tennessee","573","535","635","640","726","612","477","423","226","261","206","166","115","70","300","403","653","582","517","700","590","527","641","732","814","898","872","1000","839","755","351","500","560","548","546","390","336","412","604","664","440","574","267","249","85","254","47","057","47057","2020"
"Greene County, Tennessee","1692","1585","1704","1338","2202","2247","1325","1306","857","824","541","487","464","373","1082","1019","1982","1916","1770","1874","1856","1733","2145","2196","2292","2287","2363","2488","2322","2439","755","1134","1783","1572","815","886","1502","1301","1789","2484","1263","1440","748","1148","584","1164","47","059","47059","2020"
"Grundy County, Tennessee","395","373","431","380","448","370","281","253","143","123","105","135","106","138","174","83","403","402","340","360","394","345","373","438","458","418","446","438","489","496","141","131","282","295","197","205","217","300","333","411","234","406","129","194","96","62","47","061","47061","2020"
"Hamblen County, Tennessee","2019","1870","2350","1697","1943","2433","1303","1345","767","629","476","396","267","381","1164","1071","2037","1937","1773","1757","2153","2005","1664","2032","2296","2103","2261","2163","2084","2005","953","965","1007","1502","759","859","1219","853","1160","1854","792","1072","666","1298","496","643","47","063","47063","2020"
"Hamilton County, Tennessee","10688","10382","11017","9702","10737","10879","6437","6059","4321","4825","2656","2830","1945","2146","6585","6302","13598","14132","12521","12789","11601","11495","10728","11326","11267","11856","11268","11881","11543","12325","4415","5273","7006","8127","4122","4569","5518","5632","7646","9569","5238","6604","2620","4446","2717","5375","47","065","47065","2020"
"Hancock County, Tennessee","162","185","200","226","227","139","132","129","53","23","34","14","11","43","131","128","189","193","175","182","205","192","179","167","201","186","208","246","167","309","85","60","243","157","67","132","173","45","186","233","139","79","14","101","85","133","47","067","47067","2020"
"Hardeman County, Tennessee","643","608","655","559","631","780","444","427","338","148","299","174","284","155","456","436","1301","538","1239","595","1022","663","1003","719","959","619","921","745","808","658","368","283","474","732","400","315","359","345","524","764","352","481","216","307","207","293","47","069","47069","2020"
"Hardin County, Tennessee","768","559","545","665","800","829","570","459","236","223","168","438","31","35","481","289","776","752","602","611","588","743","782","677","840","902","869","835","1175","1047","349","456","288","467","271","368","659","473","650","904","497","723","414","396","128","327","47","071","47071","2020"
"Hawkins County, Tennessee","1406","1318","1323","1486","1947","1520","1108","1147","621","596","363","184","344","335","833","989","1751","1707","1462","1421","1262","1417","1923","1776","1940","2078","2163","2154","1973","2357","715","731","1259","1267","745","870","1162","1156","1398","1796","962","1259","714","649","384","764","47","073","47073","2020"
"Haywood County, Tennessee","529","488","662","420","443","665","368","341","269","157","68","70","81","88","272","349","468","514","447","569","420","504","547","570","428","571","599","618","511","604","302","270","431","525","201","211","443","433","242","411","286","277","52","283","136","248","47","075","47075","2020"
"Henderson County, Tennessee","806","670","1274","745","809","949","611","495","336","251","173","263","187","115","345","419","758","960","704","828","1178","866","601","870","880","917","1002","940","885","1130","312","308","744","531","340","288","424","554","590","778","421","625","314","355","122","283","47","077","47077","2020"
"Henry County, Tennessee","779","904","1125","785","714","1172","572","572","338","348","158","249","198","159","451","400","909","832","752","833","873","915","898","863","921","1011","1058","1157","1182","1325","566","482","567","746","355","691","620","710","1003","894","596","712","467","633","267","489","47","079","47079","2020"
"Hickman County, Tennessee","685","676","620","600","862","783","586","434","311","246","312","147","87","71","483","430","1017","700","823","688","929","713","880","681","869","819","948","842","1115","798","243","334","514","517","267","297","540","383","406","688","267","392","246","349","196","223","47","081","47081","2020"
"Houston County, Tennessee","216","192","347","295","234","190","213","94","204","82","45","51","19","68","53","91","244","262","219","219","186","164","267","289","260","292","256","275","311","295","175","113","106","182","73","89","169","176","237","240","164","192","54","153","67","78","47","083","47083","2020"
"Humphreys County, Tennessee","538","424","565","494","663","659","353","308","193","295","74","77","130","69","373","283","595","527","470","486","573","726","502","414","564","595","612","686","685","812","271","179","333","407","198","417","284","275","502","394","398","509","177","211","60","168","47","085","47085","2020"
"Jefferson County, Tennessee","1189","1360","1497","1586","1584","1352","1008","1019","855","693","389","345","281","475","980","858","1664","1525","1451","1365","1521","1524","1453","1607","1777","1838","1926","2028","2348","1893","638","802","1083","1477","618","560","922","1614","1511","1154","932","1004","576","765","434","681","47","089","47089","2020"
"Johnson County, Tennessee","393","360","393","365","499","478","263","255","187","134","146","27","88","68","333","250","597","386","725","443","567","395","717","490","788","525","707","559","652","752","247","266","351","305","276","207","350","527","517","496","343","473","216","275","186","178","47","091","47091","2020"
"Lake County, Tennessee","157","192","126","144","97","81","151","96","58","27","61","17","108","16","252","60","622","213","311","120","590","108","327","143","506","181","264","192","251","240","172","84","128","59","77","62","98","117","150","123","105","132","30","106","26","93","47","095","47095","2020"
"Lauderdale County, Tennessee","760","716","677","1015","970","625","582","498","286","258","259","79","247","142","472","461","1126","776","932","689","798","885","1018","754","803","779","915","815","864","1036","268","311","438","409","288","305","334","342","480","691","342","384","222","314","79","245","47","097","47097","2020"
"Lewis County, Tennessee","312","344","299","367","488","322","253","209","283","40","38","147","31","65","194","174","349","348","340","338","283","512","435","196","349","394","363","371","339","382","262","163","242","344","128","170","367","169","225","487","177","219","96","311","133","73","47","101","47101","2020"
"Lincoln County, Tennessee","1102","835","899","764","1283","1395","754","593","461","287","214","113","141","168","603","565","956","1043","816","900","1111","937","958","1065","980","1110","1186","1203","1271","1324","553","561","774","714","549","437","652","532","511","1033","554","674","436","477","148","516","47","103","47103","2020"
"McMinn County, Tennessee","1472","1445","1659","1492","1502","1589","1012","1070","609","691","275","237","413","343","820","900","1644","1657","1603","1426","1269","1587","1664","1772","1881","1785","1705","1753","1617","2128","918","634","1054","1182","980","771","698","1047","1245","1394","851","1251","649","616","349","733","47","107","47107","2020"
"McNairy County, Tennessee","730","680","778","906","802","628","525","547","307","211","98","117","156","138","438","449","811","864","649","578","726","810","728","681","871","839","852","935","819","995","346","302","547","535","315","433","375","470","795","769","538","593","221","384","150","373","47","109","47109","2020"
"Madison County, Tennessee","3119","2936","2774","2751","3355","3238","1888","1876","1562","1799","819","867","644","874","1841","1966","3126","3319","2690","2981","3045","3040","2343","2824","2747","3139","2975","3309","3058","3696","1453","1598","1655","2017","1120","1312","1628","1842","1767","2135","1136","1795","924","1169","579","1107","47","113","47113","2020"
"Marion County, Tennessee","843","798","913","657","810","921","529","540","283","284","65","140","136","143","631","464","894","862","780","775","840","781","812","911","915","930","1022","1017","1111","1196","353","387","578","764","433","408","410","333","747","1024","408","489","286","471","233","312","47","115","47115","2020"
"Maury County, Tennessee","3200","3019","2504","2736","3692","3292","1948","1619","1000","1017","623","382","347","474","1484","1621","3259","3326","3103","3337","2879","3205","3273","3112","2854","3034","2871","3073","2827","3715","1599","1382","1574","1900","1065","1062","1324","1491","1962","2619","1030","1298","891","956","391","1245","47","119","47119","2020"
"Anderson County, Tennessee","2377","1922","2182","1850","2527","2627","1590","1454","858","898","259","497","428","253","1358","1245","2027","1960","2064","2054","2298","2616","2434","2509","2698","2891","2862","2953","2660","2885","990","946","1205","1343","667","803","909","905","1321","1630","991","1434","800","1124","565","1388","47","001","47001","2010"
"Bedford County, Tennessee","1628","1769","1840","1840","1494","1347","1027","963","484","525","329","354","224","259","764","629","1553","1539","1551","1444","1529","1414","1677","1657","1571","1656","1365","1279","1443","1413","430","559","514","601","443","370","352","472","688","742","432","504","327","325","169","677","47","003","47003","2010"
"Benton County, Tennessee","446","388","583","454","376","447","319","330","219","148","70","48","110","38","226","241","398","407","412","453","507","584","582","429","637","661","549","641","702","715","276","260","278","332","240","208","258","316","416","425","210","372","170","208","116","251","47","005","47005","2010"
"Bledsoe County, Tennessee","308","301","304","348","470","415","306","274","164","114","89","88","69","53","156","116","571","310","515","317","370","424","763","401","544","467","526","433","532","340","225","215","236","272","154","125","216","243","246","184","90","242","138","116","60","96","47","007","47007","2010"
"Blount County, Tennessee","3514","3424","3652","3599","4179","4023","2581","2396","1536","1473","816","658","374","739","2093","1923","3391","3414","3605","3727","3920","4000","4513","4650","4468","4831","4295","4645","4345","3996","1523","1816","1940","2578","1149","1281","1587","1905","2206","2341","1519","2101","959","1394","550","1511","47","009","47009","2010"
"Bradley County, Tennessee","3142","2951","3397","3591","3152","2668","1983","1739","1307","1779","568","775","893","762","1972","1823","3184","3125","3147","2934","3206","3479","3531","3695","3479","3611","3131","3358","2726","2722","1149","1371","1634","1931","768","840","1140","1347","1725","2003","1168","1743","549","760","336","898","47","011","47011","2010"
"Campbell County, Tennessee","1224","1134","1121","1165","1439","1318","862","826","489","483","189","235","284","227","554","587","1233","1151","1214","1172","1353","1605","1546","1225","1334","1543","1408","1460","1261","1322","700","478","664","1045","345","573","685","722","875","791","579","761","300","480","165","496","47","013","47013","2010"
"Cannon County, Tennessee","413","380","406","446","495","396","295","293","176","146","70","65","44","84","298","219","363","380","412","349","508","379","525","552","561","554","511","524","372","560","169","141","283","150","130","101","149","196","293","357","226","225","77","175","36","147","47","015","47015","2010"
"Carroll County, Tennessee","873","834","713","921","953","936","644","504","560","382","96","135","130","246","592","542","810","785","699","796","830","866","1012","1037","1004","1020","935","998","913","962","358","481","521","543","280","334","423","522","520","586","460","502","268","472","163","483","47","017","47017","2010"
"Carter County, Tennessee","1541","1463","1399","1691","2001","1535","1170","1035","812","729","500","413","401","580","954","1099","1643","1612","1647","1619","2038","1843","2025","2062","2218","2134","2021","2153","1995","2081","814","928","977","987","588","634","785","960","1180","1352","686","1052","556","829","309","659","47","019","47019","2010"
"Cheatham County, Tennessee","1266","1227","1259","1258","1658","1390","936","918","509","456","189","153","179","172","627","660","1009","1082","1231","1193","1381","1299","1754","1873","1748","1675","1570","1516","1255","1287","435","455","565","546","280","238","337","469","694","537","268","324","179","327","153","272","47","021","47021","2010"
"Chester County, Tennessee","462","492","577","629","586","546","328","327","400","562","184","257","111","183","382","141","478","508","442","542","510","524","524","543","502","562","627","549","503","446","196","189","240","331","168","199","284","253","211","214","195","351","146","226","55","108","47","023","47023","2010"
"Claiborne County, Tennessee","884","801","763","907","1196","940","691","612","455","560","198","134","224","168","584","737","959","937","924","871","1040","1141","1133","1171","1085","1094","1144","1200","1156","1130","469","548","576","606","433","367","424","411","566","750","370","465","203","344","159","371","47","025","47025","2010"
"Clay County, Tennessee","165","144","183","158","201","297","144","171","43","92","33","24","17","29","154","152","167","203","175","154","214","219","269","283","330","349","352","302","218","256","155","101","163","256","120","111","123","223","349","232","149","108","84","71","22","123","47","027","47027","2010"
"Cocke County, Tennessee","994","1058","1078","1110","1173","944","708","672","423","396","260","229","123","233","513","441","923","1117","1106","1034","1225","1412","1184","1042","1281","1447","1339","1465","1159","1453","593","462","655","699","400","367","541","643","701","704","550","536","166","386","162","366","47","029","47029","2010"
"Coffee County, Tennessee","1726","1796","1598","1934","2059","1622","1141","1099","664","678","318","362","285","249","736","809","1552","1626","1572","1513","1614","2015","1891","1580","1930","1976","1858","1884","1491","1625","672","650","846","973","507","688","659","627","874","1046","727","1038","455","545","233","601","47","031","47031","2010"
"Crockett County, Tennessee","454","490","456","375","584","570","298","334","218","160","32","93","108","81","247","259","402","453","484","427","358","348","500","610","602","576","476","480","379","389","169","154","267","338","143","163","200","214","247","290","151","227","132","211","86","289","47","033","47033","2010"
"Cumberland County, Tennessee","1341","1385","1710","1284","1423","1658","1004","893","566","571","369","220","286","341","613","647","1181","1371","1224","1277","1674","1486","1514","1680","1796","1827","1647","1947","1730","2315","777","977","1333","1290","746","1129","1202","1469","2047","1546","1323","1313","792","823","431","799","47","035","47035","2010"
"Davidson County, Tennessee","21985","21287","19061","18299","16919","16100","10493","10109","9268","9167","5066","4619","5166","5351","15223","17647","29438","30645","24955","24628","22404","21665","21386","20985","20840","22037","19826","21519","16971","19256","5916","6293","6751","7483","3777","4548","4504","5388","6340","8939","4961","7123","3369","6074","2516","6587","47","037","47037","2010"
"Decatur County, Tennessee","321","316","354","351","386","342","231","226","85","144","115","77","22","26","225","171","281","310","340","295","275","351","440","390","381","395","453","428","532","440","78","221","210","195","190","141","212","185","196","335","201","207","124","263","56","199","47","039","47039","2010"
"DeKalb County, Tennessee","615","525","563","478","715","731","377","316","191","229","80","130","135","41","315","317","474","563","758","587","702","541","543","724","695","681","626","685","649","551","245","264","291","424","174","227","247","284","319","349","234","249","150","260","86","229","47","041","47041","2010"
"Dickson County, Tennessee","1670","1666","2173","1505","1401","1645","1198","1187","610","533","280","368","320","200","813","765","1418","1471","1541","1673","1489","1919","2019","1726","1877","1910","1749","1815","1368","1697","422","534","938","724","398","482","495","511","823","871","447","566","323","564","143","465","47","043","47043","2010"
"Dyer County, Tennessee","1345","1146","1304","1107","1448","1468","1078","837","453","404","239","320","189","97","514","751","1076","1205","990","1289","1088","1253","1517","1382","1455","1495","1289","1332","1177","1212","582","449","541","840","273","384","462","370","665","832","397","700","238","482","147","352","47","045","47045","2010"
"Fayette County, Tennessee","1261","1190","1331","1381","1229","1130","828","692","421","349","261","191","234","241","433","441","1072","1181","1112","1124","1119","1346","1373","1156","1488","1498","1443","1511","1208","1506","552","375","793","723","391","469","570","573","560","652","422","486","298","354","150","340","47","047","47047","2010"
"Fentress County, Tennessee","504","528","706","662","547","441","371","338","225","182","223","68","20","56","210","331","471","460","439","475","606","700","605","559","669","649","634","634","672","762","240","278","343","302","212","202","238","366","412","338","234","184","127","274","77","203","47","049","47049","2010"
"Franklin County, Tennessee","1143","1190","1266","1337","1431","1202","831","743","638","696","310","357","460","423","598","599","1116","1086","1070","1195","1435","959","1318","1589","1411","1483","1411","1545","1295","1414","573","468","707","878","380","507","535","563","868","946","616","865","405","520","250","422","47","051","47051","2010"
"Gibson County, Tennessee","1597","1577","1821","1693","1668","1692","1075","1068","573","552","288","338","225","163","807","840","1292","1499","1347","1518","1385","1478","1679","1794","1755","1875","1682","1676","1478","1634","593","737","711","804","350","576","602","670","882","1000","709","995","455","903","304","655","47","053","47053","2010"
"Giles County, Tennessee","709","927","972","678","1046","1008","786","585","492","407","204","331","104","195","466","371","790","819","743","864","767","806","1021","1090","1073","1212","1288","1083","934","963","389","564","536","493","481","384","391","599","533","472","334","520","196","331","228","373","47","055","47055","2010"
"Grainger County, Tennessee","732","577","832","636","577","697","451","469","283","247","268","149","145","86","166","324","673","588","692","721","681","714","936","903","870","868","795","877","817","721","421","389","297","421","298","224","404","378","347","508","243","269","192","205","73","255","47","057","47057","2010"
"Greene County, Tennessee","2041","1665","2170","2142","2028","1786","1441","1377","847","901","330","370","429","322","1052","1106","2164","1820","1849","1811","2172","2466","2524","2376","2564","2605","2407","2661","2395","2616","977","896","1134","1330","715","976","1075","1026","1372","1550","878","1156","452","975","435","788","47","059","47059","2010"
"Grundy County, Tennessee","439","396","489","418","471","478","328","282","149","145","119","93","79","73","184","201","419","399","378","406","397","355","525","516","506","472","498","485","567","605","198","111","139","266","149","169","150","266","379","285","168","217","110","159","78","194","47","061","47061","2010"
"Hamblen County, Tennessee","2021","1988","2093","2085","2142","1778","1269","1281","741","716","250","424","511","219","1139","1109","1977","1818","2005","1895","2377","2295","1839","1981","2298","2467","1987","2111","1753","2067","805","734","1031","1172","504","660","850","1115","1050","1174","686","905","595","815","272","853","47","063","47063","2010"
"Hamilton County, Tennessee","9994","9777","9876","9502","10366","9584","6678","6098","4679","5340","2621","1947","2312","2270","6315","7250","11135","11321","10139","10101","10745","10820","10676","11420","11822","12474","11792","12959","10827","11583","4243","5297","4769","4771","2638","3193","3865","4400","4706","6176","4076","5489","2137","4348","1852","4577","47","065","47065","2010"
"Hancock County, Tennessee","215","173","131","224","285","152","142","139","65","27","28","104","98","30","51","84","217","177","192","196","176","197","242","234","298","263","276","252","282","255","119","111","101","124","75","90","91","121","125","133","77","95","71","55","44","145","47","067","47067","2010"
"Hardeman County, Tennessee","766","746","752","831","925","816","608","549","359","240","154","113","259","134","792","485","1316","775","1287","714","961","410","1261","1107","1218","953","1035","933","890","821","430","428","408","431","295","228","360","397","359","482","237","342","253","328","122","345","47","069","47069","2010"
"Hardin County, Tennessee","687","754","817","807","815","765","574","555","334","325","133","124","176","185","382","327","648","692","671","691","652","844","1059","934","931","933","947","943","827","1131","336","400","570","400","367","279","490","481","433","612","326","547","226","243","207","415","47","071","47071","2010"
"Hawkins County, Tennessee","1697","1574","1976","1750","1697","1817","1118","1143","659","615","275","275","199","334","898","794","1514","1576","1584","1664","2003","1844","2067","2244","2124","2114","2048","2142","1829","2308","871","605","1101","1118","604","799","764","814","1241","1147","682","908","501","726","215","584","47","073","47073","2010"
"Haywood County, Tennessee","669","614","783","795","691","557","452","433","221","200","28","185","142","78","451","325","484","635","462","606","518","553","585","706","697","769","684","817","606","629","261","294","227","279","172","245","184","279","257","275","158","289","142","273","103","197","47","075","47075","2010"
"Henderson County, Tennessee","920","874","1022","978","866","877","554","524","294","292","140","123","137","73","385","578","882","847","834","891","928","934","1072","996","973","1092","919","1002","931","955","309","330","431","579","272","322","322","314","428","583","476","485","125","257","58","334","47","077","47077","2010"
"Henry County, Tennessee","1000","914","1053","1129","887","923","588","560","318","377","237","41","143","107","405","659","790","797","879","852","970","1044","1026","1011","1149","1213","1090","1208","1214","1202","486","488","521","682","294","539","549","405","825","816","430","716","411","395","160","539","47","079","47079","2010"
"Hickman County, Tennessee","707","599","702","798","1079","719","583","493","323","313","114","186","91","65","517","334","871","714","873","620","1022","779","1043","878","1139","839","1015","838","903","959","358","188","237","362","181","275","306","303","437","402","310","416","138","212","90","175","47","081","47081","2010"
"Houston County, Tennessee","259","229","239","327","347","238","244","143","107","92","22","12","44","46","140","146","264","199","220","212","258","211","234","317","322","289","286","276","264","298","115","134","181","135","82","60","121","154","184","205","136","147","54","111","59","123","47","083","47083","2010"
"Humphreys County, Tennessee","548","507","653","765","512","525","424","438","228","217","139","51","86","80","245","269","453","479","487","619","713","518","500","695","648","630","680","690","674","667","213","312","386","303","226","234","381","300","276","358","285","353","160","240","67","182","47","085","47085","2010"
"Jackson County, Tennessee","271","340","373","477","286","190","232","222","166","113","87","40","65","96","174","106","267","306","298","312","339","245","447","526","444","433","458","529","505","434","180","201","177","226","128","166","123","193","311","230","165","216","96","86","56","156","47","087","47087","2010"
"Jefferson County, Tennessee","1544","1406","1562","1575","1710","1546","1083","990","911","1174","303","438","344","254","974","562","1320","1470","1451","1331","1705","1885","1678","1699","1862","1907","1724","1776","1748","1660","731","734","714","1087","599","658","842","882","939","926","734","700","232","470","211","549","47","089","47089","2010"
"Johnson County, Tennessee","450","412","608","480","336","406","317","279","242","193","56","0","64","197","421","146","607","447","808","448","885","618","636","538","867","584","698","645","628","627","262","363","370","388","150","219","317","343","461","318","244","302","159","258","102","291","47","091","47091","2010"
"Knox County, Tennessee","13114","12576","13791","13401","12783","11671","8098","7514","6934","6962","3993","4098","3625","4106","10778","10255","14347","15025","13768","13801","13980","14533","14837","14933","15455","15984","14460","15430","12373","13647","4951","5279","6100","6750","3210","3955","4467","5385","5490","6569","4523","6682","2710","5047","1992","4366","47","093","47093","2010"
"Lake County, Tennessee","164","152","211","161","222","160","138","69","113","42","99","22","116","73","219","97","499","153","523","175","553","200","402","193","425","157","303","220","238","215","88","111","187","81","47","70","105","75","108","169","134","138","41","60","16","83","47","095","47095","2010"
"Lauderdale County, Tennessee","931","962","927","801","1049","1025","594","571","385","296","187","283","210","103","713","416","1209","964","1148","754","942","791","1282","945","1090","968","927","913","790","845","251","310","399","393","248","220","264","341","369","502","224","344","149","280","143","287","47","097","47097","2010"
"Lawrence County, Tennessee","1499","1350","1425","1482","1615","1306","941","916","543","581","276","221","264","290","565","592","1168","1261","1134","1141","1333","1358","1448","1521","1434","1459","1318","1420","1277","1037","530","672","668","841","485","446","519","475","682","980","499","795","363","484","181","524","47","099","47099","2010"
"Lewis County, Tennessee","419","407","382","483","512","332","266","233","147","151","84","100","96","65","134","136","303","320","381","332","333","303","395","449","446","432","430","468","410","410","111","193","282","242","125","130","122","203","240","200","181","244","78","181","31","81","47","101","47101","2010"
"Lincoln County, Tennessee","1004","1097","1011","1098","1212","953","705","648","433","382","298","271","177","131","457","501","847","829","875","975","1210","1095","942","1105","1320","1276","1212","1215","998","1163","401","411","569","609","361","393","287","405","744","866","452","591","281","351","184","540","47","103","47103","2010"
"Loudon County, Tennessee","1300","1170","1150","1401","1594","1322","920","841","551","568","232","191","390","210","526","675","1027","1034","1178","1083","1502","1406","1557","1671","1660","1756","1644","1687","1540","1953","690","680","1241","1177","630","670","1046","867","1205","1462","872","1048","385","704","217","469","47","105","47105","2010"
"McMinn County, Tennessee","1543","1499","1796","1629","1697","1715","1134","1067","653","707","221","367","354","251","713","703","1424","1475","1444","1544","1753","1768","1747","1981","1945","1969","1872","1984","1574","1835","714","792","1000","858","538","719","721","834","944","966","762","740","309","725","334","755","47","107","47107","2010"
"McNairy County, Tennessee","787","768","935","742","879","811","571","601","351","296","167","93","171","114","268","422","686","710","702","719","844","848","813","904","917","937","892","916","781","831","332","388","637","594","314","372","409","404","453","495","435","516","163","356","145","271","47","109","47109","2010"
"Macon County, Tennessee","810","714","503","833","1089","705","461","536","392","248","99","73","190","65","372","481","644","660","632","647","818","683","713","896","751","762","724","747","672","754","283","340","421","292","180","117","318","443","269","360","218","267","160","297","83","212","47","111","47111","2010"
"Madison County, Tennessee","3303","3280","3153","3084","3555","3259","2282","2044","1619","1850","744","1005","914","659","1825","1982","2946","3486","2907","3000","2972","3228","3022","3497","3322","3802","3383","3789","3058","3223","893","1183","1369","1420","721","837","1006","1338","1288","1430","1012","1148","586","1295","484","1175","47","113","47113","2010"
"Marion County, Tennessee","843","738","815","882","1017","794","564","538","410","333","215","140","132","179","410","446","789","788","875","814","970","947","895","971","1004","1114","1095","1152","1017","1078","460","477","468","501","308","291","417","296","512","767","312","433","219","366","102","229","47","115","47115","2010"
"Marshall County, Tennessee","1002","974","961","914","1233","1091","694","657","339","369","201","159","45","247","533","425","844","823","1032","1003","788","1083","1226","1156","1195","1135","1088","1171","922","1018","339","374","544","534","265","238","333","307","444","545","218","414","185","343","203","288","47","117","47117","2010"
"Maury County, Tennessee","2954","2715","2451","2394","2846","2772","1623","1568","1074","938","572","706","347","388","1338","1225","2559","2877","2653","2624","2547","2402","2421","2935","2967","3220","3100","3321","2778","2839","861","923","1015","1145","567","610","808","1020","1121","1345","892","1195","361","692","316","1004","47","119","47119","2010"
"Meigs County, Tennessee","272","355","297","252","480","476","213","201","140","130","29","23","60","91","208","183","280","347","344","328","442","478","379","318","437","426","434","433","513","397","247","199","154","302","127","71","231","256","179","196","177","108","41","126","69","132","47","121","47121","2010"
"Monroe County, Tennessee","1382","1299","1492","1431","1548","1315","947","867","565","581","184","209","311","300","699","584","1250","1217","1234","1305","1597","1573","1415","1514","1561","1494","1504","1639","1674","1545","635","661","729","967","612","514","562","601","882","1076","420","798","301","426","262","333","47","123","47123","2010"
"Montgomery County, Tennessee","7268","7021","5501","6472","6928","5505","3715","3458","2429","2453","1267","1421","1815","1577","4563","4426","7458","7481","6094","6297","5951","6151","5399","5632","5288","5765","4505","5021","3986","3746","1106","1222","1314","2251","905","938","1059","1278","1514","2048","989","1198","824","919","403","1042","47","125","47125","2010"
"Moore County, Tennessee","121","179","172","213","266","222","218","49","77","163","112","46","42","40","28","23","125","71","149","210","146","204","335","185","228","227","220","252","135","140","110","122","187","183","98","70","104","76","115","149","82","107","49","121","51","44","47","127","47127","2010"
"Morgan County, Tennessee","581","621","664","634","799","609","443","391","239","210","84","101","165","67","543","319","952","535","877","518","990","701","944","709","943","714","885","766","804","751","232","290","361","310","180","208","278","327","424","371","255","282","129","202","66","190","47","129","47129","2010"
"Obion County, Tennessee","809","958","929","1212","1318","862","691","589","339","343","201","288","234","41","425","463","899","996","902","972","1214","1111","942","1047","1115","1129","1164","1256","1036","1072","411","665","616","477","399","440","415","504","510","643","381","439","324","435","138","551","47","131","47131","2010"
"Overton County, Tennessee","666","640","771","675","676","767","474","404","289","244","96","105","139","114","305","298","582","595","611","689","575","758","952","767","761","749","769","780","808","755","267","375","370","390","207","308","251","328","571","494","282","445","163","208","97","207","47","133","47133","2010"
"Perry County, Tennessee","214","224","253","189","307","242","142","156","115","70","61","38","47","51","114","98","193","179","203","239","311","192","199","286","262","261","320","311","277","338","109","50","191","184","140","97","109","116","147","184","159","140","72","115","3","70","47","135","47135","2010"
"Pickett County, Tennessee","205","204","117","118","218","123","81","45","96","52","19","27","53","10","42","73","265","97","149","149","159","67","203","241","159","110","164","140","226","271","86","53","86","70","46","34","40","62","97","91","98","169","45","104","29","79","47","137","47137","2010"
"Polk County, Tennessee","492","422","397","339","677","723","329","319","249","152","75","95","153","125","178","163","434","450","485","465","512","660","696","475","631","634","588","600","532","531","289","211","377","513","199","192","281","244","348","399","292","208","104","161","23","268","47","139","47139","2010"
"Putnam County, Tennessee","2172","2202","1873","1767","2305","2311","1321","1363","1642","1509","1374","1292","796","530","2113","1558","2361","2151","2120","2061","2253","2246","2050","2162","2175","2425","2147","2317","1765","2393","794","842","1176","1036","666","838","805","897","1133","1230","831","1192","480","827","357","712","47","141","47141","2010"
"Rhea County, Tennessee","1034","928","963","903","1209","1034","643","630","453","522","246","217","276","105","427","707","906","959","839","871","722","1023","1254","1033","1147","1160","1095","1070","1111","859","418","576","463","689","392","370","301","523","598","610","420","439","233","421","107","309","47","143","47143","2010"
"Roane County, Tennessee","1527","1237","1637","1683","1882","1420","1115","929","622","630","172","271","147","223","910","727","1280","1328","1422","1446","1631","1874","1846","1628","2129","2184","2190","2214","2185","2132","670","711","1215","1302","817","772","860","909","871","1137","796","1081","558","845","326","665","47","145","47145","2010"
"Robertson County, Tennessee","2430","2214","2441","2040","2337","2568","1487","1341","848","725","231","442","336","263","1282","1003","2047","2145","2097","2108","2449","2290","2227","2469","2562","2626","2249","2439","2048","2184","616","667","863","851","564","452","745","789","826","1059","557","855","380","433","232","530","47","147","47147","2010"
"Rutherford County, Tennessee","9469","9157","9076","8680","9638","9251","5559","5138","4241","4131","2956","2809","2170","2259","5873","5713","10738","10600","9430","9580","8953","9743","9907","9565","8885","9046","7517","7945","5997","5904","1986","2339","2888","3378","1563","1564","1615","2077","2330","2624","1607","2114","825","1552","700","1425","47","149","47149","2010"
"Scott County, Tennessee","778","775","698","745","874","780","517","483","286","273","119","84","108","131","392","378","757","720","715","717","825","948","709","630","783","795","768","786","567","630","408","288","356","452","213","171","247","232","325","512","231","259","103","243","119","241","47","151","47151","2010"
"Sequatchie County, Tennessee","486","425","472","307","489","600","295","270","90","273","85","120","61","29","278","88","399","425","397","406","482","590","475","359","506","532","499","529","423","410","243","233","219","276","239","328","225","146","160","189","232","262","30","99","45","88","47","153","47153","2010"
"Sevier County, Tennessee","2739","2434","2704","2575","2824","2595","2010","1619","1150","1011","514","223","404","496","1690","1755","2525","2449","2320","2520","2831","3282","3426","3247","3322","3478","3066","3449","3033","3502","1165","1248","1337","1544","1059","948","1316","1356","1508","1817","1021","1441","539","896","443","676","47","155","47155","2010"
"Shelby County, Tennessee","33963","32869","34202","32620","35876","34948","22318","22058","13399","13282","7339","6458","6568","5789","18380","20680","32673","35186","29817","32192","31331","33286","30180","33788","31435","35815","30550","35037","25943","30146","9267","9424","10707","12489","5672","7132","6345","8915","9520","12474","7161","10161","4712","8701","2973","8915","47","157","47157","2010"
"Smith County, Tennessee","548","616","728","560","622","745","447","401","248","214","138","105","57","88","295","317","564","618","498","608","714","670","659","712","795","748","682","728","592","704","376","225","204","263","167","233","216","229","327","274","213","246","105","242","77","217","47","159","47159","2010"
"Stewart County, Tennessee","342","390","500","337","426","543","307","320","163","129","103","38","71","134","139","131","290","299","383","346","353","307","545","585","533","469","486","556","484","439","170","175","257","273","127","178","161","242","311","216","166","221","70","159","111","148","47","161","47161","2010"
"Sullivan County, Tennessee","4031","4035","4513","4385","4897","4667","3142","2986","1842","1734","927","993","634","653","2357","2404","4017","4013","4269","4417","5528","5630","5215","5339","5667","6089","5779","6152","5460","5796","2086","2561","2866","2879","1676","1854","2253","2492","3157","3859","2306","3004","1412","2471","1005","2363","47","163","47163","2010"
"Sumner County, Tennessee","5233","5071","5515","5378","5908","5596","3580","3345","1929","1809","621","885","1274","809","2309","2416","4485","4715","4652","5020","5816","5634","5823","6445","6079","6415","5512","5699","4874","5338","1883","1860","2336","2450","1119","1348","1687","1922","2277","2756","1512","1880","966","1570","429","1412","47","165","47165","2010"
"Tipton County, Tennessee","2004","1887","2165","2268","2526","2273","1649","1575","851","804","358","412","362","406","1161","864","1691","1817","1753","1793","1836","2104","2579","2481","2344","2526","2070","2125","1870","1759","459","715","842","961","401","513","584","546","869","1012","494","488","316","467","138","571","47","167","47167","2010"
"Trousdale County, Tennessee","185","238","287","195","279","335","267","127","266","108","39","42","64","0","0","145","247","239","207","235","207","304","278","247","297","268","247","379","277","287","58","50","159","162","78","82","66","137","193","84","87","144","21","75","9","50","47","169","47169","2010"
"Unicoi County, Tennessee","516","394","393","470","719","616","306","289","204","201","115","46","84","52","254","313","476","443","486","563","575","561","634","704","720","659","713","678","691","617","259","318","332","389","287","180","203","313","429","498","307","525","181","238","96","210","47","171","47171","2010"
"Union County, Tennessee","644","609","757","623","531","569","479","376","275","239","152","194","112","168","253","176","588","530","560","575","648","590","654","780","779","777","676","739","616","552","213","131","422","575","136","301","263","259","384","305","156","135","144","228","30","185","47","173","47173","2010"
"Van Buren County, Tennessee","156","139","221","150","124","165","118","120","91","118","0","51","39","39","83","60","99","43","193","153","221","135","134","224","312","214","118","221","226","292","94","58","130","83","99","58","50","133","133","90","70","79","55","65","4","43","47","175","47175","2010"
"Warren County, Tennessee","1268","1363","1623","1443","1157","1194","862","727","443","470","223","273","285","169","646","678","1171","1256","1356","1229","1531","1142","1420","1464","1360","1411","1301","1542","1143","1125","558","601","607","686","373","488","428","479","675","834","485","734","293","389","220","414","47","177","47177","2010"
"Washington County, Tennessee","3280","3339","3435","3052","3636","3704","2195","1928","1780","2052","869","990","1124","1177","2706","2664","3859","4059","3785","3706","4033","4069","4196","3988","4359","4670","4229","4238","4117","4051","1419","1565","1874","1939","1290","1212","1754","1473","1501","2488","1370","1914","1008","1469","659","1543","47","179","47179","2010"
"Wayne County, Tennessee","449","375","392","453","560","422","432","355","229","163","157","35","172","110","289","242","770","397","796","397","749","444","755","614","693","581","664","531","548","523","310","226","292","312","206","193","228","264","270","319","254","291","65","179","107","203","47","181","47181","2010"
"Weakley County, Tennessee","1058","926","984","958","1065","880","573","547","892","1084","493","515","437","287","1069","1067","953","861","939","818","1044","863","1024","1180","1067","1215","1176","1224","1089","1168","343","309","571","715","294","279","311","397","702","753","466","434","171","494","253","609","47","183","47183","2010"
"White County, Tennessee","757","776","899","764","765","766","565","523","379","280","159","155","143","115","373","451","698","685","666","684","812","909","870","829","942","918","888","959","793","905","366","408","532","446","248","385","370","291","500","635","435","396","254","418","76","272","47","185","47185","2010"
"Williamson County, Tennessee","6207","5974","7597","7228","7743","7338","4495","4405","2069","1658","895","762","820","399","1709","2163","3604","4120","4624","5429","6732","7405","7199","7804","7477","8249","6887","7216","5345","5478","2292","1959","2431","2578","1349","1278","1377","1521","1632","2106","1287","1804","705","1095","563","1252","47","187","47187","2010"
"Wilson County, Tennessee","3646","3440","4459","3859","3755","3881","2435","2328","1394","1181","509","618","670","646","1553","1410","2836","3123","3313","3539","4242","4597","4198","4174","4560","4844","4094","4286","3453","3766","1381","1279","1760","1709","939","950","1186","1262","1674","1788","896","1240","518","812","391","969","47","189","47189","2010"
