"Name","Enrolled_in_School","Not_Enrolled_in_School","Below_Poverty_Status","Median_Income","Male_Employee_of_a_Private_Company","Female_Employee_of_a_Private_Company","Male_Self_employed_in_own_incorporated_business","Female_Self_employed_in_own_incorporated_business","Male_Private_not_for_profit_wage_and_salary","Female_Private_not_for_profit_wage_and_salary","Male_Local_Government","Female_Local_Government","Male_State_Government","Female_State_Government","Male_Federal_Government","Female_Federal_Government","Male_Self_employed_in_own_not_incorporated_business","Female_Self_employed_in_own_not_incorporated_business","Male_Unpaid_family","Female_Unpaid_family","Male_35_hours_or_more","Female_35_hours_or_more","Male_15_T_34_hours","Female_15_T_34_hours","Male_1_T_14_hours","Female_1_T_14_hours","Male_No_Hours","Female_No_Hours","STATEFP","COUNTYFP","STATE_FIPS","Employee_of_a_Private_Company","Self_employed_in_own_incorporated_business","Private_not_for_profit_wage_and_salary","Local_Government","State_Government","Federal_Government","Self_employed_in_own_not_incorporated_business","Unpaid_family","Worked_35_hours_or_more","Worked_15_T_34_hours","Worked_1_T_14_hours","Worked_No_Hours","Year"
"Meigs County, Tennessee","2205","9692","1852","23032","2161","1298","20","47","84","148","100","207","37","108","110","55","203","105","19","0","2600","1491","242","680","40","93","764","1495","47","121","47121","3459","67","232","307","145","165","308","19","4091","922","133","2259","2020"
"Montgomery County, Tennessee","57366","137446","24675","31258","28525","28129","1284","682","1418","2513","3436","4885","1671","1865","4096","2892","2522","1745","67","50","49128","34772","5342","12003","1445","1903","12361","19385","47","125","47125","56654","1966","3931","8321","3536","6988","4267","117","83900","17345","3348","31746","2020"
"Moore County, Tennessee","1260","4883","505","31094","1027","922","50","4","35","5","92","116","79","66","3","43","234","113","0","0","1319","1100","133","178","29","85","464","664","47","127","47127","1949","54","40","208","145","46","347","0","2419","311","114","1128","2020"
"Obion County, Tennessee","6057","23125","5673","24312","4588","4114","144","82","283","489","387","550","283","442","50","50","779","310","19","43","5715","4512","635","1367","274","295","2308","3156","47","131","47131","8702","226","772","937","725","100","1089","62","10227","2002","569","5464","2020"
"Overton County, Tennessee","4484","16840","4200","23377","3055","3215","160","36","238","332","286","402","114","115","153","118","915","319","76","11","4198","3596","590","814","190","208","1600","2185","47","133","47133","6270","196","570","688","229","271","1234","87","7794","1404","398","3785","2020"
"Pickett County, Tennessee","616","4314","966","23716","599","519","0","0","55","34","72","91","51","111","118","0","176","42","0","0","933","565","103","277","15","0","363","525","47","137","47137","1118","0","89","163","162","118","218","0","1498","380","15","888","2020"
"Polk County, Tennessee","2949","13304","2046","25335","2847","2212","36","38","152","353","368","420","109","182","80","16","433","101","0","4","3975","2740","247","689","85","239","1021","1451","47","139","47139","5059","74","505","788","291","96","534","4","6715","936","324","2472","2020"
"Rhea County, Tennessee","7503","24200","5449","24581","4717","3687","196","98","390","640","498","756","389","187","491","195","517","266","4","0","6478","4385","834","1429","320","377","2575","4014","47","143","47143","8404","294","1030","1254","576","686","783","4","10863","2263","697","6589","2020"
"Roane County, Tennessee","10549","41583","7117","28840","8049","6739","306","193","455","1350","863","1066","344","468","1118","389","944","621","23","41","10515","7699","1364","2878","276","393","4021","5573","47","145","47145","14788","499","1805","1929","812","1507","1565","64","18214","4242","669","9594","2020"
"Rutherford County, Tennessee","88737","222823","32953","34261","67866","57382","2120","1243","3688","6388","4109","6394","3195","4568","2216","2048","6524","4004","84","106","80013","64114","11270","18701","2534","3541","14363","24696","47","149","47149","125248","3363","10076","10503","7763","4264","10528","190","144127","29971","6075","39059","2020"
"Scott County, Tennessee","4811","16346","4734","20376","3100","2718","160","87","94","143","258","586","110","245","90","172","275","121","44","0","4253","3087","213","1043","101","197","2262","2581","47","151","47151","5818","247","237","844","355","262","396","44","7340","1256","298","4843","2020"
"Sequatchie County, Tennessee","2525","11921","3174","23270","2362","1704","110","71","115","216","303","363","93","87","116","38","325","230","4","0","2731","1852","509","719","42","145","1610","1785","47","153","47153","4066","181","331","666","180","154","555","4","4583","1228","187","3395","2020"
"Shelby County, Tennessee","236788","661398","174362","30203","156726","147135","6811","2747","14605","25213","12651","19234","3921","7620","5690","6878","13291","8276","357","528","183832","171941","29319","44453","7047","11264","65891","87748","47","157","47157","303861","9558","39818","31885","11541","12568","21567","885","355773","73772","18311","153639","2020"
"Smith County, Tennessee","4138","15052","2904","29468","3734","2843","91","55","95","382","355","402","103","301","20","57","405","187","0","0","4280","3494","453","702","37","175","1657","1908","47","159","47159","6577","146","477","757","404","77","592","0","7774","1155","212","3565","2020"
"Sullivan County, Tennessee","30257","122861","24071","25607","26239","21710","932","492","1743","3415","1859","2973","810","1362","622","318","3127","1596","40","58","31208","24029","4831","8075","926","1862","10671","14834","47","163","47163","47949","1424","5158","4832","2172","940","4723","98","55237","12906","2788","25505","2020"
"Sumner County, Tennessee","43560","138078","18421","33701","35414","31511","2023","801","2012","4262","3307","4323","1079","1722","1032","544","4394","2194","74","78","43301","34345","4752","9264","1432","2893","8826","13953","47","165","47165","66925","2824","6274","7630","2801","1576","6588","152","77646","14016","4325","22779","2020"
"Trousdale County, Tennessee","2419","8172","918","29813","1864","1451","37","17","253","107","107","219","108","119","105","36","98","196","30","0","2360","1671","394","374","102","65","2102","597","47","169","47169","3315","54","360","326","227","141","294","30","4031","768","167","2699","2020"
"Unicoi County, Tennessee","3247","14257","3039","22185","3028","1994","154","46","149","580","481","293","63","145","189","59","310","115","0","0","3697","2821","552","521","101","88","1407","1875","47","171","47171","5022","200","729","774","208","248","425","0","6518","1073","189","3282","2020"
"Van Buren County, Tennessee","1145","4503","856","23918","734","690","61","33","29","75","247","158","49","113","0","33","98","71","0","15","1122","895","81","247","15","54","525","558","47","175","47175","1424","94","104","405","162","33","169","15","2017","328","69","1083","2020"
"Warren County, Tennessee","8599","30762","8146","24610","6811","5449","344","214","334","367","529","967","359","390","39","113","1370","463","41","0","8465","6233","1261","1766","124","340","3051","4210","47","177","47177","12260","558","701","1496","749","152","1833","41","14698","3027","464","7261","2020"
"Wayne County, Tennessee","2813","13432","2356","23679","2099","1807","205","0","94","167","257","530","124","107","95","37","441","131","39","18","3120","2188","898","684","81","133","2284","1496","47","181","47181","3906","205","261","787","231","132","572","57","5308","1582","214","3780","2020"
"Weakley County, Tennessee","8744","23504","6146","23272","5268","4398","120","78","194","560","577","763","622","714","176","31","570","200","7","25","6516","5114","1221","1629","183","458","2800","3691","47","183","47183","9666","198","754","1340","1336","207","770","32","11630","2850","641","6491","2020"
"Williamson County, Tennessee","65284","159511","10768","49190","46984","33394","3549","2087","4354","6281","1971","4732","1389","1247","630","531","6076","4501","81","130","55403","36394","6833","13266","2088","5223","7978","19838","47","187","47187","80378","5636","10635","6703","2636","1161","10577","211","91797","20099","7311","27816","2020"
"Wilson County, Tennessee","33294","102198","11497","37083","27029","23376","1660","712","2125","2761","1799","2789","1187","1162","736","584","2620","1656","23","68","32812","25736","3737","6717","731","1549","6844","11131","47","189","47189","50405","2372","4886","4588","2349","1320","4276","91","58548","10454","2280","17975","2020"
"Bedford County, Tennessee","11172","36057","6666","27966","9009","7543","279","164","340","498","1191","914","286","498","193","140","861","535","11","55","10939","8458","1138","1886","220","426","2932","4483","47","003","47003","16552","443","838","2105","784","333","1396","66","19397","3024","646","7415","2020"
"Blount County, Tennessee","26298","101681","12629","30471","23409","20231","1209","554","1931","3334","1958","3019","627","843","507","446","2382","1208","53","68","26872","22044","5015","6982","858","1381","7500","11328","47","009","47009","43640","1763","5265","4977","1470","953","3590","121","48916","11997","2239","18828","2020"
"Cannon County, Tennessee","2862","11041","2343","28087","2189","1928","109","67","49","144","186","395","216","112","66","121","564","158","0","0","2951","2352","362","621","118","81","1207","1377","47","015","47015","4117","176","193","581","328","187","722","0","5303","983","199","2584","2020"
"Cheatham County, Tennessee","8664","30514","4293","32364","7609","6122","233","227","367","706","641","781","383","770","371","111","1150","623","3","9","9640","7410","1021","1947","237","450","2391","3566","47","021","47021","13731","460","1073","1422","1153","482","1773","12","17050","2968","687","5957","2020"
"Clay County, Tennessee","1424","5996","1955","18644","844","833","37","44","84","49","165","222","64","72","23","0","202","52","0","17","1111","889","252","366","40","100","762","864","47","027","47027","1677","81","133","387","136","23","254","17","2000","618","140","1626","2020"
"Crockett County, Tennessee","3384","10455","2248","26626","2128","2111","98","30","69","219","220","240","129","279","24","17","451","200","6","0","2798","2571","290","470","82","92","984","1292","47","033","47033","4239","128","288","460","408","41","651","6","5369","760","174","2276","2020"
"Decatur County, Tennessee","2216","9149","2134","23120","1756","1251","25","29","86","56","151","428","48","73","8","33","330","84","0","19","2099","1556","194","296","49","81","923","1410","47","039","47039","3007","54","142","579","121","41","414","19","3655","490","130","2333","2020"
"Jackson County, Tennessee","2066","9410","1844","21648","1539","1626","158","25","73","97","88","145","125","238","35","31","378","94","9","0","2026","1442","259","697","131","142","1241","1327","47","087","47087","3165","183","170","233","363","66","472","9","3468","956","273","2568","2020"
"Knox County, Tennessee","118379","333298","60065","30990","86829","74544","3616","1966","6468","12276","5638","8085","6283","6877","3599","2401","9422","5011","372","153","100712","82129","18947","26447","3951","7167","26521","39521","47","093","47093","161373","5582","18744","13723","13160","6000","14433","525","182841","45394","11118","66042","2020"
"Lawrence County, Tennessee","10269","32112","7191","23744","6371","5319","220","74","340","368","738","748","424","551","107","165","880","414","167","74","8487","5833","892","2274","200","215","3563","4868","47","099","47099","11690","294","708","1486","975","272","1294","241","14320","3166","415","8431","2020"
"Loudon County, Tennessee","10006","41496","6414","30736","8789","7546","420","202","465","1217","500","651","335","389","646","264","1027","575","6","27","10224","7471","1282","2854","185","411","3065","4565","47","105","47105","16335","622","1682","1151","724","910","1602","33","17695","4136","596","7630","2020"
"Macon County, Tennessee","5037","18182","3987","24842","4168","3505","67","74","84","369","459","505","150","180","42","67","863","256","4","0","5139","3875","682","1089","52","216","1525","2339","47","111","47111","7673","141","453","964","330","109","1119","4","9014","1771","268","3864","2020"
"Marshall County, Tennessee","6977","25536","5363","30759","5967","5076","194","70","239","525","482","703","371","332","119","143","849","206","0","16","7248","5555","888","1599","198","260","2290","3308","47","117","47117","11043","264","764","1185","703","262","1055","16","12803","2487","458","5598","2020"
"Monroe County, Tennessee","8660","36469","7570","23716","6627","5468","278","180","515","797","717","862","156","353","232","151","1108","459","48","9","8650","6730","1104","1873","217","275","4027","5008","47","123","47123","12095","458","1312","1579","509","383","1567","57","15380","2977","492","9035","2020"
"Morgan County, Tennessee","3623","17175","4205","24035","2434","2200","19","29","79","310","191","344","541","172","245","68","397","145","11","12","3541","2494","549","880","89","235","3935","2353","47","129","47129","4634","48","389","535","713","313","542","23","6035","1429","324","6288","2020"
"Perry County, Tennessee","1656","6153","1854","21816","772","911","29","4","64","67","91","168","95","93","54","0","364","150","0","0","1351","874","117","434","7","116","892","931","47","135","47135","1683","33","131","259","188","54","514","0","2225","551","123","1823","2020"
"Putnam County, Tennessee","20662","55172","13345","25441","13229","11367","494","143","760","1176","1230","1611","902","1304","223","162","2115","916","53","68","15951","12477","3341","4062","687","932","5885","7421","47","141","47141","24596","637","1936","2841","2206","385","3031","121","28428","7403","1619","13306","2020"
"Robertson County, Tennessee","15255","52905","7850","33576","13858","11402","680","213","632","1302","1167","1609","388","696","419","177","1450","837","8","66","17195","13364","1676","3042","479","589","3458","5840","47","147","47147","25260","893","1934","2776","1084","596","2287","74","30559","4718","1068","9298","2020"
"Sevier County, Tennessee","18717","76037","13678","25623","18168","16752","906","310","736","1260","1688","1832","533","787","304","223","2194","1270","78","45","20024","16194","3913","5422","598","988","5726","8191","47","155","47155","34920","1216","1996","3520","1320","527","3464","123","36218","9335","1586","13917","2020"
"Stewart County, Tennessee","2792","10290","1772","26176","2011","1954","64","23","23","127","133","308","142","113","164","131","242","181","0","6","2558","2276","533","464","157","96","855","1475","47","161","47161","3965","87","150","441","255","295","423","6","4834","997","253","2330","2020"
"Tipton County, Tennessee","14897","44653","7046","30761","10110","8001","406","110","457","1467","1150","938","469","1208","889","591","1025","558","13","29","13613","10354","1399","2783","300","471","4235","6316","47","167","47167","18111","516","1924","2088","1677","1480","1583","42","23967","4182","771","10551","2020"
"Union County, Tennessee","4036","15029","3655","24055","3264","2530","93","28","64","316","197","326","80","113","126","25","485","168","0","0","3898","2866","511","798","110","65","1634","2532","47","173","47173","5794","121","380","523","193","151","653","0","6764","1309","175","4166","2020"
"Washington County, Tennessee","30212","94821","18819","26171","22286","18148","839","361","1668","4373","1824","2295","1141","2070","691","852","2680","1203","38","42","26962","21396","4447","7451","1073","1660","8560","12284","47","179","47179","40434","1200","6041","4119","3211","1543","3883","80","48358","11898","2733","20844","2020"
"White County, Tennessee","5268","20838","3937","24467","4071","3830","155","85","98","262","360","408","126","380","12","41","712","374","0","0","4992","4308","671","996","61","116","2006","3130","47","185","47185","7901","240","360","768","506","53","1086","0","9300","1667","177","5136","2020"
"Anderson County, Tennessee","15801","58029","11349","28335","11788","9832","413","195","1592","1497","777","1546","387","483","1069","588","1457","768","16","12","15398","11853","1966","2918","474","628","5385","8250","47","001","47001","21620","608","3089","2323","870","1657","2225","28","27251","4884","1102","13635","2020"
"Benton County, Tennessee","3219","12361","2722","21485","2106","1847","91","21","58","134","359","272","101","96","97","12","288","139","0","24","2934","1736","277","666","49","187","1358","2156","47","005","47005","3953","112","192","631","197","109","427","24","4670","943","236","3514","2020"
"Bledsoe County, Tennessee","2334","12282","2819","23501","3261","1089","48","30","102","86","65","226","305","153","62","49","257","216","14","0","3760","1331","321","456","120","117","2296","1799","47","007","47007","4350","78","188","291","458","111","473","14","5091","777","237","4095","2020"
"Bradley County, Tennessee","25837","77320","16074","27215","19065","15893","689","456","1599","2550","1247","2318","760","922","321","264","2281","1448","136","17","22901","17951","3331","5916","934","1141","6385","9531","47","011","47011","34958","1145","4149","3565","1682","585","3729","153","40852","9247","2075","15916","2020"
"Campbell County, Tennessee","7964","30518","7688","22796","5453","5147","388","114","330","282","654","1149","167","256","330","140","899","365","13","0","7527","5798","880","2030","131","281","3518","4124","47","013","47013","10600","502","612","1803","423","470","1264","13","13325","2910","412","7642","2020"
"Carroll County, Tennessee","6189","20609","4519","24664","3856","3629","135","43","335","445","581","420","330","411","97","75","896","235","28","28","5345","4085","587","1293","249","301","2289","2720","47","017","47017","7485","178","780","1001","741","172","1131","56","9430","1880","550","5009","2020"
"Carter County, Tennessee","10632","44368","10423","24394","8598","7143","167","104","530","1241","906","977","575","732","164","277","1160","559","30","3","10680","8724","1494","2149","449","624","4801","6171","47","019","47019","15741","271","1771","1883","1307","441","1719","33","19404","3643","1073","10972","2020"
"Chester County, Tennessee","4423","12373","2120","27129","2241","2214","189","15","144","292","279","564","75","79","115","63","161","91","0","0","3174","2477","248","897","69","137","1926","2116","47","023","47023","4455","204","436","843","154","178","252","0","5651","1145","206","4042","2020"
"Claiborne County, Tennessee","7095","23686","7041","21757","4576","4154","391","61","315","462","509","634","197","312","181","80","552","216","13","9","5942","4683","764","1236","240","391","3034","4035","47","025","47025","8730","452","777","1143","509","261","768","22","10625","2000","631","7069","2020"
"Cocke County, Tennessee","6503","28427","7287","22577","5535","4719","205","120","116","437","506","695","112","554","93","216","475","233","13","2","6076","5368","819","1382","166","148","3450","4458","47","029","47029","10254","325","553","1201","666","309","708","15","11444","2201","314","7908","2020"
"Coffee County, Tennessee","12430","41485","7987","26757","9908","8654","406","205","299","545","672","1151","552","475","449","223","1252","858","18","12","12571","8961","1085","3215","182","511","3366","4714","47","031","47031","18562","611","844","1823","1027","672","2110","30","21532","4300","693","8080","2020"
"Cumberland County, Tennessee","9252","49325","7407","25676","8363","6741","368","91","653","891","573","792","464","350","211","85","1442","734","92","0","10851","7556","1176","2562","222","343","3482","6180","47","035","47035","15104","459","1544","1365","814","296","2176","92","18407","3738","565","9662","2020"
"Davidson County, Tennessee","160372","502846","95180","35048","141080","123429","7440","3677","15221","26046","6905","12485","5554","9060","2840","2928","15502","10736","316","225","170187","149478","23741","36871","6657","10210","30568","48285","47","037","47037","264509","11117","41267","19390","14614","5768","26238","541","319665","60612","16867","78853","2020"
"DeKalb County, Tennessee","4101","15358","3898","27951","3451","2072","193","117","113","367","311","394","88","278","68","56","321","127","27","32","3980","2926","476","417","32","132","1857","2538","47","041","47041","5523","310","480","705","366","124","448","59","6906","893","164","4395","2020"
"Dickson County, Tennessee","11361","39781","6278","30146","9620","8273","419","326","451","885","730","857","303","528","212","247","1259","424","58","0","11524","9570","1268","2048","465","313","3492","5255","47","043","47043","17893","745","1336","1587","831","459","1683","58","21094","3316","778","8747","2020"
"Dyer County, Tennessee","8421","27420","6667","27313","5974","5490","462","253","515","378","434","649","329","702","76","76","649","389","0","0","7506","5703","1255","1950","249","303","2103","3731","47","045","47045","11464","715","893","1083","1031","152","1038","0","13209","3205","552","5834","2020"
"Fayette County, Tennessee","7463","32131","4812","31577","6724","5471","382","141","409","744","818","681","272","312","271","172","1022","463","0","3","8839","6534","726","1566","145","272","2864","4262","47","047","47047","12195","523","1153","1499","584","443","1485","3","15373","2292","417","7126","2020"
"Fentress County, Tennessee","3621","14201","3343","20514","2305","2146","99","82","174","153","320","413","126","180","82","6","729","237","6","44","3391","2485","447","980","133","129","1708","1888","47","049","47049","4451","181","327","733","306","88","966","50","5876","1427","262","3596","2020"
"Franklin County, Tennessee","9963","30680","6140","26129","7336","5759","257","86","536","573","622","803","192","484","217","135","770","545","0","0","8739","6523","1066","1630","455","634","2715","4447","47","051","47051","13095","343","1109","1425","676","352","1315","0","15262","2696","1089","7162","2020"
"Gibson County, Tennessee","10864","36464","7398","25826","7315","7050","301","168","444","894","608","773","356","466","238","92","937","532","62","0","9068","7556","1284","2239","236","479","4029","5051","47","053","47053","14365","469","1338","1381","822","330","1469","62","16624","3523","715","9080","2020"
"Giles County, Tennessee","5980","22448","3753","27371","4924","4309","104","55","128","437","565","459","129","249","89","142","840","251","4","9","5770","4495","815","1302","290","282","2147","3116","47","055","47055","9233","159","565","1024","378","231","1091","13","10265","2117","572","5263","2020"
"Grainger County, Tennessee","4208","18322","3871","23090","3427","3129","223","13","146","290","280","553","128","249","97","150","887","324","0","0","4181","3385","653","1028","193","396","1964","2743","47","057","47057","6556","236","436","833","377","247","1211","0","7566","1681","589","4707","2020"
"Greene County, Tennessee","13748","53256","11342","23423","11116","8842","404","146","721","1549","1022","1499","248","767","204","254","811","453","51","131","12453","10806","2285","2717","531","752","5774","6816","47","059","47059","19958","550","2270","2521","1015","458","1264","182","23259","5002","1283","12590","2020"
"Grundy County, Tennessee","2835","10047","2512","22063","1732","1518","15","13","76","111","244","311","90","367","35","97","578","185","2","11","2540","2044","340","565","7","96","1192","1291","47","061","47061","3250","28","187","555","457","132","763","13","4584","905","103","2483","2020"
"Hamblen County, Tennessee","13906","48223","10645","24494","10784","9818","249","254","508","746","535","1123","433","399","169","61","982","868","0","0","12021","9530","1366","2924","278","421","6137","6972","47","063","47063","20602","503","1254","1658","832","230","1850","0","21551","4290","699","13109","2020"
"Hamilton County, Tennessee","83701","268598","44464","31003","65781","56824","3303","1335","6073","11216","3822","6770","2104","3067","3540","1450","7464","4492","79","111","79234","64889","11498","19541","3024","5079","20130","30105","47","065","47065","122605","4638","17289","10592","5171","4990","11956","190","144123","31039","8103","50235","2020"
"Hancock County, Tennessee","1325","5008","1963","19561","638","613","27","0","17","38","80","291","74","86","97","0","95","33","0","0","972","817","131","256","29","131","848","778","47","067","47067","1251","27","55","371","160","97","128","0","1789","387","160","1626","2020"
"Hardeman County, Tennessee","4858","19489","3876","24149","2897","2392","88","55","77","262","426","760","238","448","47","156","255","228","0","0","3670","3484","464","950","150","144","5519","2173","47","069","47069","5289","143","339","1186","686","203","483","0","7154","1414","294","7692","2020"
"Hardin County, Tennessee","5108","19723","4364","23031","3758","2990","364","63","223","300","286","817","140","123","133","68","460","249","16","0","4604","3431","520","1116","136","151","2304","2963","47","071","47071","6748","427","523","1103","263","201","709","16","8035","1636","287","5267","2020"
"Hawkins County, Tennessee","10889","44449","9864","24275","8838","6585","326","82","343","1347","770","1389","234","380","212","165","691","619","9","11","10181","8173","1516","2666","380","434","5226","6467","47","073","47073","15423","408","1690","2159","614","377","1310","20","18354","4182","814","11693","2020"
"Haywood County, Tennessee","3543","13211","3078","24630","2952","2578","61","21","145","236","355","312","109","213","45","154","249","203","0","0","3416","3073","470","634","17","219","1217","1697","47","075","47075","5530","82","381","667","322","199","452","0","6489","1104","236","2914","2020"
"Henderson County, Tennessee","5971","21065","5216","25606","3815","3485","97","101","88","311","487","825","315","394","139","85","788","308","0","0","4943","4418","560","1013","224","320","2698","3005","47","077","47077","7300","198","399","1312","709","224","1096","0","9361","1573","544","5703","2020"
"Henry County, Tennessee","6130","25072","6548","25458","4652","4217","199","111","201","392","406","716","197","248","151","69","606","328","0","0","5450","4528","901","1304","148","338","2747","3504","47","079","47079","8869","310","593","1122","445","220","934","0","9978","2205","486","6251","2020"
"Hickman County, Tennessee","4827","19474","3411","25678","3792","3276","199","70","119","334","465","426","253","176","109","217","617","383","0","9","4996","3601","515","1014","187","241","3299","2408","47","081","47081","7068","269","453","891","429","326","1000","9","8597","1529","428","5707","2020"
"Houston County, Tennessee","1796","6142","1166","23148","1208","939","47","33","36","30","147","323","28","83","43","70","68","77","26","0","1564","1192","237","300","76","134","639","844","47","083","47083","2147","80","66","470","111","113","145","26","2756","537","210","1483","2020"
"Humphreys County, Tennessee","3826","14126","2803","24689","2821","2279","160","12","169","258","278","398","221","112","144","119","215","303","36","21","3710","2809","419","930","65","116","1448","1941","47","085","47085","5100","172","427","676","333","263","518","57","6519","1349","181","3389","2020"
"Jefferson County, Tennessee","11899","40966","6810","24001","9508","7759","321","104","376","810","909","1144","314","408","243","191","1144","658","0","0","10763","8795","1792","2631","354","550","4257","5035","47","089","47089","17267","425","1186","2053","722","434","1802","0","19558","4423","904","9292","2020"
"Johnson County, Tennessee","2885","14293","3694","18864","2074","1615","81","70","83","216","175","99","271","353","43","4","399","242","0","0","2850","2030","1385","578","29","85","1998","2069","47","091","47091","3689","151","299","274","624","47","641","0","4880","1963","114","4067","2020"
"Lake County, Tennessee","1134","5907","1389","19007","461","440","13","4","42","106","80","98","79","155","0","5","106","122","0","0","819","800","160","190","13","31","2778","516","47","095","47095","901","17","148","178","234","5","228","0","1619","350","44","3294","2020"
"Lauderdale County, Tennessee","5672","19153","4478","25083","3628","3134","73","33","106","230","326","370","264","475","82","42","321","132","19","7","4449","3983","406","644","216","104","3729","2966","47","097","47097","6762","106","336","696","739","124","453","26","8432","1050","320","6695","2020"
"Lewis County, Tennessee","2582","9344","2405","23538","1601","1548","158","78","95","132","200","328","165","73","0","20","254","144","0","8","2051","1700","325","591","76","187","1228","1129","47","101","47101","3149","236","227","528","238","20","398","8","3751","916","263","2357","2020"
"Lincoln County, Tennessee","7314","25625","3929","30096","6039","4950","227","80","247","251","613","812","124","395","224","229","875","269","124","77","7384","5394","709","1673","323","163","2106","3146","47","103","47103","10989","307","498","1425","519","453","1144","201","12778","2382","486","5252","2020"
"McMinn County, Tennessee","10932","40694","8479","24767","8741","7288","184","104","495","542","464","838","491","619","183","221","1197","743","30","23","10677","7586","1318","2592","347","744","3808","5966","47","107","47107","16029","288","1037","1302","1110","404","1940","53","18263","3910","1091","9774","2020"
"McNairy County, Tennessee","5018","19896","4697","23020","3853","2558","141","72","217","331","287","953","145","255","4","72","479","165","0","8","4710","3512","561","747","93","175","2334","3425","47","109","47109","6411","213","548","1240","400","76","644","8","8222","1308","268","5759","2020"
"Madison County, Tennessee","23505","70708","18514","26846","14539","14153","675","257","1738","2597","1523","1716","519","1235","254","370","1853","1151","45","61","18256","16275","2450","5126","607","1000","8019","10130","47","113","47113","28692","932","4335","3239","1754","624","3004","106","34531","7576","1607","18149","2020"
"Marion County, Tennessee","5613","22051","4685","24840","5228","3730","144","147","185","406","340","461","162","338","184","31","661","289","11","0","6025","4360","481","1200","185","270","2107","3231","47","115","47115","8958","291","591","801","500","215","950","11","10385","1681","455","5338","2020"
"Maury County, Tennessee","20036","71084","8414","31114","17816","15123","718","361","1336","2165","1647","1738","548","697","206","164","2014","1302","10","6","20588","16499","2521","4323","798","1030","5022","8803","47","119","47119","32939","1079","3501","3385","1245","370","3316","16","37087","6844","1828","13825","2020"
"Anderson County, Tennessee","15970","55727","12112","23975","11992","8922","518","245","628","1533","969","1491","499","559","1422","797","1221","721","39","8","16042","11513","2151","3556","356","912","4509","8051","47","001","47001","20914","763","2161","2460","1058","2219","1942","47","27555","5707","1268","12560","2010"
"Bedford County, Tennessee","10250","31961","9342","20372","7532","6032","223","50","361","408","591","719","119","385","131","109","1410","517","59","8","10041","7197","1102","1902","194","220","2771","4700","47","003","47003","13564","273","769","1310","504","240","1927","67","17238","3004","414","7471","2010"
"Benton County, Tennessee","3069","12992","2869","19760","2319","1801","152","46","49","108","169","560","141","272","140","40","376","234","0","0","3317","2472","331","686","141","204","1378","1801","47","005","47005","4120","198","157","729","413","180","610","0","5789","1017","345","3179","2010"
"Bledsoe County, Tennessee","3004","9581","2581","16083","1337","1106","29","0","97","177","68","278","125","245","33","12","315","130","0","0","1973","1750","653","390","59","32","2275","1500","47","007","47007","2443","29","274","346","370","45","445","0","3723","1043","91","3775","2010"
"Blount County, Tennessee","27108","89928","13913","24234","20845","18235","1103","427","1286","2610","1600","2670","698","1191","966","495","2826","1264","32","61","27260","20171","3828","7766","1004","1673","6521","10607","47","009","47009","39080","1530","3896","4270","1889","1461","4090","93","47431","11594","2677","17128","2010"
"Bradley County, Tennessee","24787","69247","15028","20829","16781","14239","863","173","1499","1752","1433","1939","442","488","278","291","2001","933","42","70","20312","15975","3999","5193","1037","1761","6056","9417","47","011","47011","31020","1036","3251","3372","930","569","2934","112","36287","9192","2798","15473","2010"
"Campbell County, Tennessee","8311","30718","9285","17187","5107","4342","204","56","308","619","595","924","217","216","189","148","959","253","10","9","7515","5762","612","1318","324","268","4400","5743","47","013","47013","9449","260","927","1519","433","337","1212","19","13277","1930","592","10143","2010"
"Cannon County, Tennessee","2757","10496","1839","21133","2241","1431","85","34","79","220","132","260","94","175","30","169","463","180","10","22","2841","2141","394","535","65","121","1154","1526","47","015","47015","3672","119","299","392","269","199","643","32","4982","929","186","2680","2010"
"Carroll County, Tennessee","6425","21230","5449","19364","4301","4147","156","58","94","402","433","562","284","322","175","52","678","199","0","4","5933","4569","860","1471","213","308","1970","2700","47","017","47017","8448","214","496","995","606","227","877","4","10502","2331","521","4670","2010"
"Carter County, Tennessee","12896","43147","13126","17108","8289","6934","392","112","488","1221","983","1086","656","722","320","286","1516","801","0","43","11658","8433","2113","3320","536","554","4581","6496","47","019","47019","15223","504","1709","2069","1378","606","2317","43","20091","5433","1090","11077","2010"
"Cheatham County, Tennessee","9416","28142","3517","27338","6801","5568","528","151","334","895","575","709","364","415","217","185","1529","752","12","31","9468","7087","1366","2076","276","424","1873","3389","47","021","47021","12369","679","1229","1284","779","402","2281","43","16555","3442","700","5262","2010"
"Chester County, Tennessee","4665","11408","2358","19767","2380","2249","81","62","258","289","271","537","169","142","24","8","552","94","13","20","3475","2620","598","991","94","298","1160","1679","47","023","47023","4629","143","547","808","311","32","646","33","6095","1589","392","2839","2010"
"Claiborne County, Tennessee","7281","23752","5995","17411","4473","3449","278","54","147","460","474","906","232","373","117","145","797","209","31","27","6135","5009","960","1036","227","216","3175","4386","47","025","47025","7922","332","607","1380","605","262","1006","58","11144","1996","443","7561","2010"
"Clay County, Tennessee","1242","6470","1448","19200","1086","811","11","68","15","0","248","225","80","94","62","44","335","51","0","5","1632","962","209","360","21","49","531","1187","47","027","47027","1897","79","15","473","174","106","386","5","2594","569","70","1718","2010"
"Cocke County, Tennessee","6765","27475","9169","16708","5138","4901","104","25","294","438","615","548","111","309","76","8","843","317","9","35","6864","4888","1099","2157","249","257","3091","4503","47","029","47029","10039","129","732","1163","420","84","1160","44","11752","3256","506","7594","2010"
"Coffee County, Tennessee","12838","37547","9077","21803","8731","6533","393","68","431","532","514","1234","521","572","543","288","1128","701","54","11","11344","7852","1297","2543","507","547","3091","5734","47","031","47031","15264","461","963","1748","1093","831","1829","65","19196","3840","1054","8825","2010"
"Crockett County, Tennessee","3253","10672","2657","20247","2361","2221","114","30","145","207","176","321","86","181","18","42","339","158","3","0","2831","2350","449","682","66","200","1092","1349","47","033","47033","4582","144","352","497","267","60","497","3","5181","1131","266","2441","2010"
"Cumberland County, Tennessee","9826","43523","8615","20324","6610","6708","389","212","542","947","834","1090","310","520","266","82","1576","767","15","35","9669","7622","1267","2672","373","881","4111","5392","47","035","47035","13318","601","1489","1924","830","348","2343","50","17291","3939","1254","9503","2010"
"Davidson County, Tennessee","153774","432707","102384","26266","115947","99458","5509","2282","10983","19011","7387","11374","5657","7904","2818","2621","13316","8165","175","232","148306","124348","24110","35263","5488","7439","32284","51058","47","037","47037","215405","7791","29994","18761","13561","5439","21481","407","272654","59373","12927","83342","2010"
"Decatur County, Tennessee","2368","8974","2331","18164","1714","1309","68","79","83","108","264","397","88","88","97","0","228","83","20","10","2480","1643","267","606","52","55","764","1258","47","039","47039","3023","147","191","661","176","97","311","30","4123","873","107","2022","2010"
"DeKalb County, Tennessee","4308","13555","3375","18990","2787","2474","96","42","108","156","364","350","122","253","62","62","534","218","0","2","3588","2670","669","851","118","217","1534","2186","47","041","47041","5261","138","264","714","375","124","752","2","6258","1520","335","3720","2010"
"Dickson County, Tennessee","11423","35302","6733","24884","8646","6896","405","135","399","755","918","1094","288","679","255","177","1471","580","24","2","11382","8602","1460","2374","350","566","2464","4700","47","043","47043","15542","540","1154","2012","967","432","2051","26","19984","3834","916","7164","2010"
"Dyer County, Tennessee","9138","27558","7573","20911","5898","5363","239","82","250","432","399","905","465","585","151","63","927","360","10","39","7679","6383","941","1873","308","278","2890","4148","47","045","47045","11261","321","682","1304","1050","214","1287","49","14062","2814","586","7038","2010"
"Fayette County, Tennessee","8638","27289","4761","26988","5595","5222","457","139","337","712","950","660","217","303","217","148","1016","669","0","22","8342","6270","1032","1997","399","528","2295","3378","47","047","47047","10817","596","1049","1610","520","365","1685","22","14612","3029","927","5673","2010"
"Fentress County, Tennessee","3317","13867","4379","15770","1968","1945","72","30","179","261","182","459","77","111","105","38","949","187","57","42","3218","2588","567","655","94","209","1709","2176","47","049","47049","3913","102","440","641","188","143","1136","99","5806","1222","303","3885","2010"
"Franklin County, Tennessee","9855","29832","5172","20469","6483","5211","284","102","527","536","607","830","211","342","381","246","827","647","61","0","8819","5947","1292","2372","309","802","2379","4156","47","051","47051","11694","386","1063","1437","553","627","1474","61","14766","3664","1111","6535","2010"
"Gibson County, Tennessee","11624","35526","9216","21371","7615","6829","258","104","346","894","543","1159","243","585","352","149","917","406","9","54","9551","8563","1687","1844","361","593","2922","4594","47","053","47053","14444","362","1240","1702","828","501","1323","63","18114","3531","954","7516","2010"
"Giles County, Tennessee","6761","21756","4969","20590","4826","4202","182","49","170","229","398","482","77","262","140","87","662","302","18","18","5744","4857","817","1435","192","189","2660","3121","47","055","47055","9028","231","399","880","339","227","964","36","10601","2252","381","5781","2010"
"Grainger County, Tennessee","4517","17219","4085","16974","3592","2874","63","13","95","302","290","382","75","261","11","54","1003","331","0","28","4574","3367","839","991","80","318","1887","2705","47","057","47057","6466","76","397","672","336","65","1334","28","7941","1830","398","4592","2010"
"Greene County, Tennessee","12847","53159","13028","19454","11112","9047","487","164","627","1160","818","1037","620","946","182","319","1337","737","20","27","14456","10861","1625","3343","410","655","5169","7290","47","059","47059","20159","651","1787","1855","1566","501","2074","47","25317","4968","1065","12459","2010"
"Grundy County, Tennessee","2995","10443","4305","15401","1583","1160","81","22","143","314","138","256","56","246","45","37","553","247","0","38","2338","1715","402","609","72","83","1580","1899","47","061","47061","2743","103","457","394","302","82","800","38","4053","1011","155","3479","2010"
"Hamblen County, Tennessee","13844","45758","10761","21590","10719","8541","375","196","452","981","922","1027","349","669","136","78","1504","805","8","9","13673","9945","1771","2843","260","551","3886","6436","47","063","47063","19260","571","1433","1949","1018","214","2309","17","23618","4614","811","10322","2010"
"Hamilton County, Tennessee","79258","237694","47402","24502","56132","51148","3668","1063","5326","9246","4674","7100","1903","2722","2997","1811","7309","3514","179","166","72854","59111","12561","19807","2985","4747","18326","28161","47","065","47065","107280","4731","14572","11774","4625","4808","10823","345","131965","32368","7732","46487","2010"
"Hancock County, Tennessee","1323","5235","2005","14007","782","636","0","0","15","87","109","185","53","34","0","15","180","64","0","0","1097","824","184","191","36","110","952","1020","47","067","47067","1418","0","102","294","87","15","244","0","1921","375","146","1972","2010"
"Hardeman County, Tennessee","5832","20928","4772","17961","2904","2762","89","79","225","221","615","558","345","485","111","128","607","284","0","9","5089","3729","1144","994","253","359","4286","2810","47","069","47069","5666","168","446","1173","830","239","891","9","8818","2138","612","7096","2010"
"Hardin County, Tennessee","5636","19341","5335","16869","3824","3115","228","66","166","311","279","656","135","176","55","9","695","230","47","3","4958","3387","841","1481","237","214","2073","3154","47","071","47071","6939","294","477","935","311","64","925","50","8345","2322","451","5227","2010"
"Hawkins County, Tennessee","12126","42617","10220","20385","9355","7140","268","147","381","980","809","1186","176","380","291","201","1148","493","14","71","11849","8983","1492","2713","294","393","4210","6386","47","073","47073","16495","415","1361","1995","556","492","1641","85","20832","4205","687","10596","2010"
"Haywood County, Tennessee","4508","13701","5017","18013","2773","2573","27","20","69","263","334","639","218","170","41","119","282","183","0","0","3622","3494","495","929","102","182","1487","1741","47","075","47075","5346","47","332","973","388","160","465","0","7116","1424","284","3228","2010"
"Henderson County, Tennessee","6277","20167","4361","22262","4643","3597","141","80","117","420","396","737","163","167","76","57","695","211","9","29","6023","4394","825","1431","149","170","1598","3032","47","077","47077","8240","221","537","1133","330","133","906","38","10417","2256","319","4630","2010"
"Henry County, Tennessee","6347","24480","5408","21441","4273","4040","216","56","170","461","499","868","306","317","108","111","1023","465","0","51","6437","5404","824","1179","118","207","2208","3250","47","079","47079","8313","272","631","1367","623","219","1488","51","11841","2003","325","5458","2010"
"Hickman County, Tennessee","5648","18149","3678","21412","3550","3023","124","35","176","418","492","485","268","220","66","19","1082","599","0","11","5549","3723","975","1175","137","146","2266","2361","47","081","47081","6573","159","594","977","488","85","1681","11","9272","2150","283","4627","2010"
"Houston County, Tennessee","1927","6035","1570","20006","1082","727","39","13","43","59","148","161","46","97","98","61","309","124","6","7","1625","1201","249","193","69","34","703","1013","47","083","47083","1809","52","102","309","143","159","433","13","2826","442","103","1716","2010"
"Humphreys County, Tennessee","4215","13547","2361","21891","2686","2324","105","23","128","232","346","592","108","136","180","65","592","272","6","0","4015","2677","473","1122","51","106","1175","1892","47","085","47085","5010","128","360","938","244","245","864","6","6692","1595","157","3067","2010"
"Jackson County, Tennessee","2067","8969","2481","16838","1764","1374","48","29","47","90","160","286","9","124","0","2","311","83","0","0","2322","1588","269","424","64","66","1057","1670","47","087","47087","3138","77","137","446","133","2","394","0","3910","693","130","2727","2010"
"Jefferson County, Tennessee","12120","36554","8852","20457","8590","6961","405","148","487","1028","879","993","269","523","180","182","1168","503","20","10","10734","8265","1886","2906","269","655","3259","4878","47","089","47089","15551","553","1515","1872","792","362","1671","30","18999","4792","924","8137","2010"
"Johnson County, Tennessee","2912","14805","3969","16571","2239","1862","154","31","78","235","293","351","295","297","59","32","385","285","0","0","3623","2703","1015","519","112","272","2010","1887","47","091","47091","4101","185","313","644","592","91","670","0","6326","1534","384","3897","2010"
"Knox County, Tennessee","112030","295979","55989","25755","79079","65450","5139","1621","5924","11185","4757","7547","4475","5806","3935","2131","8010","4350","81","66","97473","75254","19117","26426","3672","6366","21042","37693","47","093","47093","144529","6760","17109","12304","10281","6066","12360","147","172727","45543","10038","58735","2010"
"Lake County, Tennessee","1354","6279","1609","13089","632","501","0","8","45","17","69","171","142","174","0","14","81","62","0","3","1299","776","326","232","37","56","2176","728","47","095","47095","1133","8","62","240","316","14","143","3","2075","558","93","2904","2010"
"Lauderdale County, Tennessee","6504","20088","5965","18880","3647","3511","111","34","61","111","167","606","352","347","35","47","545","265","0","0","5215","4375","849","951","130","192","3756","2863","47","097","47097","7158","145","172","773","699","82","810","0","9590","1800","322","6619","2010"
"Lawrence County, Tennessee","9969","29606","7120","19166","5995","5276","284","72","179","358","660","811","291","508","214","140","1393","526","9","22","8377","6270","1164","2040","238","384","2788","4145","47","099","47099","11271","356","537","1471","799","354","1919","31","14647","3204","622","6933","2010"
"Lewis County, Tennessee","2661","8905","2157","18559","1366","1339","48","12","96","243","209","262","72","70","7","14","512","182","34","22","2382","2005","433","437","86","61","838","1252","47","101","47101","2705","60","339","471","142","21","694","56","4387","870","147","2090","2010"
"Lincoln County, Tennessee","7472","24159","5086","23550","5427","4261","167","101","209","500","481","734","110","376","253","237","1271","411","32","69","7098","5149","1120","1800","100","350","1770","3107","47","103","47103","9688","268","709","1215","486","490","1682","101","12247","2920","450","4877","2010"
"Loudon County, Tennessee","8842","36693","6467","22977","7747","6731","402","96","430","791","630","857","160","191","422","195","931","518","12","9","9612","7266","1642","2370","236","619","2980","4492","47","105","47105","14478","498","1221","1487","351","617","1449","21","16878","4012","855","7472","2010"
"McMinn County, Tennessee","11340","38977","8801","20420","8445","7190","281","155","416","516","691","887","228","271","288","123","1455","693","28","26","11244","7623","1206","3014","258","655","3365","5590","47","107","47107","15635","436","932","1578","499","411","2148","54","18867","4220","913","8955","2010"
"McNairy County, Tennessee","5896","18922","5386","18399","3719","2819","169","137","135","283","337","447","152","504","116","33","566","271","2","17","4990","3522","635","1162","152","306","2118","3169","47","109","47109","6538","306","418","784","656","149","837","19","8512","1797","458","5287","2010"
"Macon County, Tennessee","5126","15797","5109","17910","3410","2652","134","116","110","321","207","381","166","164","39","21","709","255","15","13","4609","3343","488","858","204","140","1745","2726","47","111","47111","6062","250","431","588","330","60","964","28","7952","1346","344","4471","2010"
"Madison County, Tennessee","26002","67259","17608","21777","15403","13589","864","235","1510","2992","1635","2098","688","1218","446","285","1733","1142","38","100","20707","17217","3314","5578","737","1204","5758","9425","47","113","47113","28992","1099","4502","3733","1906","731","2875","138","37924","8892","1941","15183","2010"
"Marion County, Tennessee","6153","20926","5245","21463","4238","3447","185","105","237","422","430","453","116","303","205","142","800","421","4","13","5799","4394","653","1301","135","343","2483","3218","47","115","47115","7685","290","659","883","419","347","1221","17","10193","1954","478","5701","2010"
"Marshall County, Tennessee","6669","21883","4847","21806","4722","4387","199","144","220","226","505","679","269","225","106","84","1091","384","14","26","6648","5411","1128","1494","77","206","1667","2815","47","117","47117","9109","343","446","1184","494","190","1475","40","12059","2622","283","4482","2010"
"Maury County, Tennessee","18360","56847","10287","24663","13588","12595","810","236","748","1514","1317","1509","370","608","341","173","1875","1238","82","16","17990","14204","2170","4867","502","774","4689","6817","47","119","47119","26183","1046","2262","2826","978","514","3113","98","32194","7037","1276","11506","2010"
"Meigs County, Tennessee","2384","8725","2856","19168","1839","1059","52","47","33","87","116","282","52","124","156","86","340","138","0","0","2487","1688","298","401","79","103","919","1582","47","121","47121","2898","99","120","398","176","242","478","0","4175","699","182","2501","2010"
"Monroe County, Tennessee","9502","33046","8152","19140","7285","5623","308","124","279","556","540","887","105","257","100","123","974","471","21","12","8750","6634","1486","2166","291","551","3494","4681","47","123","47123","12908","432","835","1427","362","223","1445","33","15384","3652","842","8175","2010"
"Montgomery County, Tennessee","47924","106942","23215","25014","22475","20543","721","305","998","2334","1926","3559","1255","1421","3828","3152","2622","1469","0","52","39458","28389","5366","9384","930","1878","7817","16070","47","125","47125","43018","1026","3332","5485","2676","6980","4091","52","67847","14750","2808","23887","2010"
"Moore County, Tennessee","1507","4587","886","22017","1097","925","33","14","23","115","64","222","29","46","22","20","281","36","0","0","1411","992","161","450","80","130","334","330","47","127","47127","2022","47","138","286","75","42","317","0","2403","611","210","664","2010"
"Morgan County, Tennessee","4034","16828","3755","19511","3086","2206","33","41","143","332","323","507","390","226","222","100","438","147","14","2","4882","3120","873","794","83","153","2386","2161","47","129","47129","5292","74","475","830","616","322","585","16","8002","1667","236","4547","2010"
"Obion County, Tennessee","7299","23611","4714","21482","5631","4806","185","70","227","367","474","733","313","368","115","88","539","374","13","17","6937","5531","851","1413","266","384","1746","2943","47","131","47131","10437","255","594","1207","681","203","913","30","12468","2264","650","4689","2010"
"Overton County, Tennessee","4605","16439","4092","18034","3151","2787","134","133","140","178","289","528","242","162","49","93","818","217","15","13","4377","3385","606","820","133","161","1712","2538","47","133","47133","5938","267","318","817","404","142","1035","28","7762","1426","294","4250","2010"
"Perry County, Tennessee","1672","5891","1854","18399","828","922","90","0","94","184","123","105","218","44","45","16","187","11","0","0","1513","1033","208","280","0","79","722","1032","47","135","47135","1750","90","278","228","262","61","198","0","2546","488","79","1754","2010"
"Pickett County, Tennessee","947","3930","836","17257","939","541","22","11","14","56","88","172","29","44","27","17","282","79","0","0","1283","741","204","158","10","31","250","459","47","137","47137","1480","33","70","260","73","44","361","0","2024","362","41","709","2010"
"Polk County, Tennessee","3649","12451","3013","17613","2727","1906","72","54","84","122","245","241","81","152","24","25","540","189","15","13","3421","2152","502","933","94","250","1393","1966","47","139","47139","4633","126","206","486","233","49","729","28","5573","1435","344","3359","2010"
"Putnam County, Tennessee","19242","48822","15105","19121","10863","8526","531","173","598","1007","994","1747","905","1327","323","129","2115","703","20","11","13981","9933","3036","4194","829","874","5921","8452","47","141","47141","19389","704","1605","2741","2232","452","2818","31","23914","7230","1703","14373","2010"
"Rhea County, Tennessee","7306","22842","5794","19846","4355","3715","196","69","451","387","362","674","95","267","340","86","787","388","6","60","6234","4667","1076","1530","210","350","2177","3699","47","143","47143","8070","265","838","1036","362","426","1175","66","10901","2606","560","5876","2010"
"Roane County, Tennessee","10475","42014","7138","22326","8412","6946","191","78","600","996","690","1022","453","534","1037","441","947","401","20","48","11469","8586","1422","2474","267","690","4012","5530","47","145","47145","15358","269","1596","1712","987","1478","1348","68","20055","3896","957","9542","2010"
"Robertson County, Tennessee","15549","45931","7650","26522","11970","9146","490","177","501","1518","867","1617","308","488","382","262","1900","634","64","49","15351","11518","1819","3139","418","655","3255","5880","47","147","47147","21116","667","2019","2484","796","644","2534","113","26869","4958","1073","9135","2010"
"Rutherford County, Tennessee","75263","163962","30910","27922","50689","39136","1793","501","2533","5284","3601","5408","2460","3479","1314","1427","5001","2471","102","26","62020","46901","10142","15643","1772","3243","11253","20612","47","149","47149","89825","2294","7817","9009","5939","2741","7472","128","108921","25785","5015","31865","2010"
"Scott County, Tennessee","5151","15941","5364","17094","3138","2325","149","65","126","369","274","499","132","274","216","138","400","192","0","6","4537","3085","546","1021","152","183","1795","2813","47","151","47151","5463","214","495","773","406","354","592","6","7622","1567","335","4608","2010"
"Sequatchie County, Tennessee","3294","9956","2987","19982","2014","1395","58","14","48","155","175","205","267","131","143","19","310","331","0","0","2653","1880","302","649","120","171","1207","1647","47","153","47153","3409","72","203","380","398","162","641","0","4533","951","291","2854","2010"
"Sevier County, Tennessee","18331","66011","11664","21907","15537","14593","1123","470","593","1192","1714","2147","432","662","472","301","2879","1530","18","21","20278","16597","3147","5282","597","922","4305","6484","47","155","47155","30130","1593","1785","3861","1094","773","4409","39","36875","8429","1519","10789","2010"
"Shelby County, Tennessee","262221","619413","178079","25069","152446","138306","6379","2471","11460","22320","14355","22490","4642","8347","5335","6892","14700","7818","145","281","190097","170138","33402","50613","6799","10119","62487","87441","47","157","47157","290752","8850","33780","36845","12989","12227","22518","426","360235","84015","16918","149928","2010"
"Smith County, Tennessee","4516","13758","3349","22367","3051","2676","103","91","141","319","240","474","159","136","70","92","473","239","5","8","3942","3205","561","952","114","274","1512","1861","47","159","47159","5727","194","460","714","295","162","712","13","7147","1513","388","3373","2010"
"Stewart County, Tennessee","3190","9482","2239","20729","1530","1139","63","12","92","195","286","305","152","114","204","125","285","147","13","50","2741","1688","316","510","65","143","1084","1677","47","161","47161","2669","75","287","591","266","329","432","63","4429","826","208","2761","2010"
"Sullivan County, Tennessee","34663","116394","24138","21287","26089","22009","1386","449","1700","3452","2160","2761","561","1193","596","453","3479","1427","30","44","32582","24449","4790","8651","1083","1977","10437","15671","47","163","47163","48098","1835","5152","4921","1754","1049","4906","74","57031","13441","3060","26108","2010"
"Sumner County, Tennessee","38846","110848","15507","27627","28261","23557","1639","475","1603","3048","2353","3591","1122","1168","711","517","4538","1807","22","87","37495","27804","4756","8143","880","1887","6544","13709","47","165","47165","51818","2114","4651","5944","2290","1228","6345","109","65299","12899","2767","20253","2010"
"Tipton County, Tennessee","16074","41339","9703","24110","9898","8121","330","211","489","1150","1115","1349","313","502","577","532","1073","605","75","0","13261","10130","1874","3435","430","552","3822","5830","47","167","47167","18019","541","1639","2464","815","1109","1678","75","23391","5309","982","9652","2010"
"Trousdale County, Tennessee","1970","5579","742","20711","1405","1184","66","36","14","51","176","269","31","109","17","19","179","80","0","0","1672","1400","304","382","50","133","475","647","47","169","47169","2589","102","65","445","140","36","259","0","3072","686","183","1122","2010"
"Unicoi County, Tennessee","3821","13820","3374","20277","2815","2312","113","11","128","524","340","342","102","181","79","157","437","109","0","8","3525","3258","589","501","57","137","1585","1863","47","171","47171","5127","124","652","682","283","236","546","8","6783","1090","194","3448","2010"
"Union County, Tennessee","4155","14249","4145","18555","2961","2432","71","44","98","155","279","285","174","119","98","56","573","239","5","6","3797","2568","601","897","134","185","1797","2669","47","173","47173","5393","115","253","564","293","154","812","11","6365","1498","319","4466","2010"
"Van Buren County, Tennessee","1134","4178","1312","16229","743","681","47","4","13","31","92","93","165","117","0","23","91","70","0","0","1150","852","75","178","30","71","567","673","47","175","47175","1424","51","44","185","282","23","161","0","2002","253","101","1240","2010"
"Warren County, Tennessee","8753","29091","8265","19377","6489","4836","175","83","306","371","573","885","191","211","85","79","1409","571","10","20","8364","5456","1236","2087","155","258","2866","4687","47","177","47177","11325","258","677","1458","402","164","1980","30","13820","3323","413","7553","2010"
"Washington County, Tennessee","30925","84951","19672","21635","20044","16157","972","159","1796","3544","1375","1945","1461","1896","786","840","2504","1392","26","32","26049","19583","4521","7912","843","1659","8391","11286","47","179","47179","36201","1131","5340","3320","3357","1626","3896","58","45632","12433","2502","19677","2010"
"Wayne County, Tennessee","3476","12984","2298","16859","2224","1940","42","0","52","157","171","362","364","282","85","9","255","80","0","0","3599","2377","713","655","104","104","2358","1704","47","181","47181","4164","42","209","533","646","94","335","0","5976","1368","208","4062","2010"
"Weakley County, Tennessee","10169","23138","7024","17078","5238","4481","93","39","300","445","466","761","707","801","74","148","745","356","3","0","7302","5240","1462","2232","321","629","2446","3569","47","183","47183","9719","132","745","1227","1508","222","1101","3","12542","3694","950","6015","2010"
"White County, Tennessee","5464","19150","4854","19369","3913","3517","203","135","39","269","461","500","102","242","68","63","950","344","20","14","5313","3936","778","1136","193","315","1688","2643","47","185","47185","7430","338","308","961","344","131","1294","34","9249","1914","508","4331","2010"
"Williamson County, Tennessee","50735","116645","9010","41128","30940","23328","4270","1230","2818","4837","2018","3517","1219","1165","600","608","5018","3372","68","202","43128","27368","5322","11305","1400","3821","5075","15491","47","187","47187","54268","5500","7655","5535","2384","1208","8390","270","70496","16627","5221","20566","2010"
"Wilson County, Tennessee","27625","77700","8212","30316","19920","17429","1206","489","1468","2192","1497","2240","740","1263","575","347","3116","1344","29","70","26609","19958","3271","5946","908","1481","4813","9441","47","189","47189","37349","1695","3660","3737","2003","922","4460","99","46567","9217","2389","14254","2010"
