"Ownership","Year","Month","Value"
"Federal Government","2022","march","12928"
"Federal Government","2022","february","12857"
"Federal Government","2022","january","13079"
"Federal Government","2021","december","13204"
"Federal Government","2021","november","13083"
"Federal Government","2021","october","12647"
"Federal Government","2021","september","12792"
"Federal Government","2021","august","12699"
"Federal Government","2021","july","12684"
"Federal Government","2021","june","12560"
"Federal Government","2021","may","12607"
"Federal Government","2021","april","12809"
"Federal Government","2021","march","12737"
"Federal Government","2021","february","12693"
"Federal Government","2021","january","12425"
"Federal Government","2020","december","12974"
"Federal Government","2020","november","12680"
"Federal Government","2020","october","12391"
"Federal Government","2020","september","12375"
"Federal Government","2020","august","12329"
"Federal Government","2020","july","12373"
"Federal Government","2020","june","12418"
"Federal Government","2020","may","12468"
"Federal Government","2020","april","12366"
"Federal Government","2020","march","12327"
"Federal Government","2020","february","12359"
"Federal Government","2020","january","12492"
"Federal Government","2019","december","12800"
"Federal Government","2019","november","12806"
"Federal Government","2019","october","12619"
"Federal Government","2019","september","12542"
"Federal Government","2019","august","12551"
"Federal Government","2019","july","12584"
"Federal Government","2019","june","12620"
"Federal Government","2019","may","12652"
"Federal Government","2019","april","12430"
"Federal Government","2019","march","12538"
"Federal Government","2019","february","12465"
"Federal Government","2019","january","12342"
"Federal Government","2018","december","12933"
"Federal Government","2018","november","12763"
"Federal Government","2018","october","12360"
"Federal Government","2018","september","12378"
"Federal Government","2018","august","12332"
"Federal Government","2018","july","12165"
"Federal Government","2018","june","12308"
"Federal Government","2018","may","12189"
"Federal Government","2018","april","12207"
"Federal Government","2018","march","12146"
"Federal Government","2018","february","12152"
"Federal Government","2018","january","12270"
"Federal Government","2017","december","12624"
"Federal Government","2017","november","12292"
"Federal Government","2017","october","12300"
"Federal Government","2017","september","12262"
"Federal Government","2017","august","12220"
"Federal Government","2017","july","12331"
"Federal Government","2017","june","12327"
"Federal Government","2017","may","12336"
"Federal Government","2017","april","12290"
"Federal Government","2017","march","12289"
"Federal Government","2017","february","12223"
"Federal Government","2017","january","12161"
"Federal Government","2016","december","12649"
"Federal Government","2016","november","12205"
"Federal Government","2016","october","12117"
"Federal Government","2016","september","12140"
"Federal Government","2016","august","12120"
"Federal Government","2016","july","11997"
"Federal Government","2016","june","12080"
"Federal Government","2016","may","12022"
"Federal Government","2016","april","11956"
"Federal Government","2016","march","11970"
"Federal Government","2016","february","11940"
"Federal Government","2016","january","11951"
"Federal Government","2015","december","12343"
"Federal Government","2015","november","11922"
"Federal Government","2015","october","11972"
"Federal Government","2015","september","11918"
"Federal Government","2015","august","11950"
"Federal Government","2015","july","11956"
"Federal Government","2015","june","11965"
"Federal Government","2015","may","11963"
"Federal Government","2015","april","12178"
"Federal Government","2015","march","11938"
"Federal Government","2015","february","11977"
"Federal Government","2015","january","11903"
"Federal Government","2014","december","12217"
"Federal Government","2014","november","11919"
"Federal Government","2014","october","11785"
"Federal Government","2014","september","11842"
"Federal Government","2014","august","11798"
"Federal Government","2014","july","11740"
"Federal Government","2014","june","11726"
"Federal Government","2014","may","11722"
"Federal Government","2014","april","12005"
"Federal Government","2014","march","11740"
"Federal Government","2014","february","11730"
"Federal Government","2014","january","11840"
"Federal Government","2013","december","11987"
"Federal Government","2013","november","11802"
"Federal Government","2013","october","11757"
"Federal Government","2013","september","11855"
"Federal Government","2013","august","11836"
"Federal Government","2013","july","11788"
"Federal Government","2013","june","11756"
"Federal Government","2013","may","11778"
"Federal Government","2013","april","12112"
"Federal Government","2013","march","11723"
"Federal Government","2013","february","11979"
"Federal Government","2013","january","11965"
"Federal Government","2012","december","12089"
"Federal Government","2012","november","11966"
"Federal Government","2012","october","12205"
"Federal Government","2012","september","12052"
"Federal Government","2012","august","12220"
"Federal Government","2012","july","12317"
"Federal Government","2012","june","12240"
"Federal Government","2012","may","12275"
"Federal Government","2012","april","12370"
"Federal Government","2012","march","12291"
"Federal Government","2012","february","12283"
"Federal Government","2012","january","12267"
"Federal Government","2011","december","12354"
"Federal Government","2011","november","12236"
"Federal Government","2011","october","12426"
"Federal Government","2011","september","12304"
"Federal Government","2011","august","12331"
"Federal Government","2011","july","12596"
"Federal Government","2011","june","12482"
"Federal Government","2011","may","12562"
"Federal Government","2011","april","12662"
"Federal Government","2011","march","12633"
"Federal Government","2011","february","12633"
"Federal Government","2011","january","12724"
"State Government","2022","march","-"
"State Government","2022","february","-"
"State Government","2022","january","-"
"State Government","2021","december","-"
"State Government","2021","november","-"
"State Government","2021","october","-"
"State Government","2021","september","-"
"State Government","2021","august","-"
"State Government","2021","july","-"
"State Government","2021","june","-"
"State Government","2021","may","-"
"State Government","2021","april","-"
"State Government","2021","march","-"
"State Government","2021","february","-"
"State Government","2021","january","-"
"State Government","2020","december","-"
"State Government","2020","november","-"
"State Government","2020","october","-"
"State Government","2020","september","-"
"State Government","2020","august","-"
"State Government","2020","july","-"
"State Government","2020","june","-"
"State Government","2020","may","-"
"State Government","2020","april","-"
"State Government","2020","march","-"
"State Government","2020","february","-"
"State Government","2020","january","-"
"State Government","2019","december","-"
"State Government","2019","november","-"
"State Government","2019","october","-"
"State Government","2019","september","-"
"State Government","2019","august","-"
"State Government","2019","july","-"
"State Government","2019","june","-"
"State Government","2019","may","-"
"State Government","2019","april","-"
"State Government","2019","march","-"
"State Government","2019","february","-"
"State Government","2019","january","-"
"State Government","2018","december","-"
"State Government","2018","november","-"
"State Government","2018","october","-"
"State Government","2018","september","-"
"State Government","2018","august","-"
"State Government","2018","july","-"
"State Government","2018","june","-"
"State Government","2018","may","-"
"State Government","2018","april","-"
"State Government","2018","march","-"
"State Government","2018","february","-"
"State Government","2018","january","-"
"State Government","2017","december","-"
"State Government","2017","november","-"
"State Government","2017","october","-"
"State Government","2017","september","-"
"State Government","2017","august","-"
"State Government","2017","july","-"
"State Government","2017","june","-"
"State Government","2017","may","-"
"State Government","2017","april","-"
"State Government","2017","march","-"
"State Government","2017","february","-"
"State Government","2017","january","-"
"State Government","2016","december","-"
"State Government","2016","november","-"
"State Government","2016","october","-"
"State Government","2016","september","-"
"State Government","2016","august","-"
"State Government","2016","july","-"
"State Government","2016","june","-"
"State Government","2016","may","-"
"State Government","2016","april","-"
"State Government","2016","march","-"
"State Government","2016","february","-"
"State Government","2016","january","-"
"State Government","2015","december","-"
"State Government","2015","november","-"
"State Government","2015","october","-"
"State Government","2015","september","-"
"State Government","2015","august","-"
"State Government","2015","july","-"
"State Government","2015","june","-"
"State Government","2015","may","-"
"State Government","2015","april","-"
"State Government","2015","march","-"
"State Government","2015","february","-"
"State Government","2015","january","-"
"State Government","2014","december","-"
"State Government","2014","november","-"
"State Government","2014","october","-"
"State Government","2014","september","-"
"State Government","2014","august","-"
"State Government","2014","july","-"
"State Government","2014","june","-"
"State Government","2014","may","-"
"State Government","2014","april","-"
"State Government","2014","march","-"
"State Government","2014","february","-"
"State Government","2014","january","-"
"State Government","2013","december","-"
"State Government","2013","november","-"
"State Government","2013","october","-"
"State Government","2013","september","-"
"State Government","2013","august","-"
"State Government","2013","july","-"
"State Government","2013","june","-"
"State Government","2013","may","-"
"State Government","2013","april","-"
"State Government","2013","march","-"
"State Government","2013","february","-"
"State Government","2013","january","-"
"State Government","2012","december","-"
"State Government","2012","november","-"
"State Government","2012","october","-"
"State Government","2012","september","-"
"State Government","2012","august","-"
"State Government","2012","july","-"
"State Government","2012","june","-"
"State Government","2012","may","-"
"State Government","2012","april","-"
"State Government","2012","march","-"
"State Government","2012","february","-"
"State Government","2012","january","-"
"State Government","2011","december","-"
"State Government","2011","november","-"
"State Government","2011","october","-"
"State Government","2011","september","-"
"State Government","2011","august","-"
"State Government","2011","july","-"
"State Government","2011","june","-"
"State Government","2011","may","-"
"State Government","2011","april","-"
"State Government","2011","march","-"
"State Government","2011","february","-"
"State Government","2011","january","-"
"Local Government","2022","march","-"
"Local Government","2022","february","-"
"Local Government","2022","january","-"
"Local Government","2021","december","-"
"Local Government","2021","november","-"
"Local Government","2021","october","-"
"Local Government","2021","september","-"
"Local Government","2021","august","-"
"Local Government","2021","july","-"
"Local Government","2021","june","-"
"Local Government","2021","may","-"
"Local Government","2021","april","-"
"Local Government","2021","march","-"
"Local Government","2021","february","-"
"Local Government","2021","january","-"
"Local Government","2020","december","-"
"Local Government","2020","november","-"
"Local Government","2020","october","-"
"Local Government","2020","september","-"
"Local Government","2020","august","-"
"Local Government","2020","july","-"
"Local Government","2020","june","-"
"Local Government","2020","may","-"
"Local Government","2020","april","-"
"Local Government","2020","march","-"
"Local Government","2020","february","-"
"Local Government","2020","january","-"
"Local Government","2019","december","-"
"Local Government","2019","november","-"
"Local Government","2019","october","-"
"Local Government","2019","september","-"
"Local Government","2019","august","-"
"Local Government","2019","july","-"
"Local Government","2019","june","-"
"Local Government","2019","may","-"
"Local Government","2019","april","-"
"Local Government","2019","march","-"
"Local Government","2019","february","-"
"Local Government","2019","january","-"
"Local Government","2018","december","-"
"Local Government","2018","november","-"
"Local Government","2018","october","-"
"Local Government","2018","september","-"
"Local Government","2018","august","-"
"Local Government","2018","july","-"
"Local Government","2018","june","-"
"Local Government","2018","may","-"
"Local Government","2018","april","-"
"Local Government","2018","march","-"
"Local Government","2018","february","-"
"Local Government","2018","january","-"
"Local Government","2017","december","1617"
"Local Government","2017","november","1621"
"Local Government","2017","october","1639"
"Local Government","2017","september","1635"
"Local Government","2017","august","1530"
"Local Government","2017","july","1488"
"Local Government","2017","june","1628"
"Local Government","2017","may","1611"
"Local Government","2017","april","1595"
"Local Government","2017","march","1587"
"Local Government","2017","february","1574"
"Local Government","2017","january","1586"
"Local Government","2016","december","1511"
"Local Government","2016","november","1501"
"Local Government","2016","october","1516"
"Local Government","2016","september","1523"
"Local Government","2016","august","1437"
"Local Government","2016","july","1384"
"Local Government","2016","june","1533"
"Local Government","2016","may","1530"
"Local Government","2016","april","1528"
"Local Government","2016","march","1518"
"Local Government","2016","february","1515"
"Local Government","2016","january","1518"
"Local Government","2015","december","1512"
"Local Government","2015","november","1521"
"Local Government","2015","october","1526"
"Local Government","2015","september","1534"
"Local Government","2015","august","1471"
"Local Government","2015","july","1410"
"Local Government","2015","june","1533"
"Local Government","2015","may","1525"
"Local Government","2015","april","1498"
"Local Government","2015","march","1485"
"Local Government","2015","february","1476"
"Local Government","2015","january","1492"
"Local Government","2014","december","1391"
"Local Government","2014","november","1396"
"Local Government","2014","october","1402"
"Local Government","2014","september","1404"
"Local Government","2014","august","1342"
"Local Government","2014","july","1340"
"Local Government","2014","june","1412"
"Local Government","2014","may","1384"
"Local Government","2014","april","1373"
"Local Government","2014","march","1365"
"Local Government","2014","february","1360"
"Local Government","2014","january","1378"
"Local Government","2013","december","1407"
"Local Government","2013","november","1411"
"Local Government","2013","october","1427"
"Local Government","2013","september","1444"
"Local Government","2013","august","1372"
"Local Government","2013","july","1375"
"Local Government","2013","june","1469"
"Local Government","2013","may","1460"
"Local Government","2013","april","1444"
"Local Government","2013","march","1435"
"Local Government","2013","february","1419"
"Local Government","2013","january","1415"
"Local Government","2012","december","-"
"Local Government","2012","november","-"
"Local Government","2012","october","-"
"Local Government","2012","september","-"
"Local Government","2012","august","-"
"Local Government","2012","july","-"
"Local Government","2012","june","-"
"Local Government","2012","may","-"
"Local Government","2012","april","-"
"Local Government","2012","march","-"
"Local Government","2012","february","-"
"Local Government","2012","january","-"
"Local Government","2011","december","-"
"Local Government","2011","november","-"
"Local Government","2011","october","-"
"Local Government","2011","september","-"
"Local Government","2011","august","-"
"Local Government","2011","july","-"
"Local Government","2011","june","-"
"Local Government","2011","may","-"
"Local Government","2011","april","-"
"Local Government","2011","march","-"
"Local Government","2011","february","-"
"Local Government","2011","january","-"
"Private","2022","march","198256"
"Private","2022","february","201089"
"Private","2022","january","198239"
"Private","2021","december","204728"
"Private","2021","november","200383"
"Private","2021","october","194975"
"Private","2021","september","190341"
"Private","2021","august","190222"
"Private","2021","july","188583"
"Private","2021","june","185404"
"Private","2021","may","183943"
"Private","2021","april","183913"
"Private","2021","march","186609"
"Private","2021","february","187304"
"Private","2021","january","189835"
"Private","2020","december","199995"
"Private","2020","november","196185"
"Private","2020","october","186015"
"Private","2020","september","182546"
"Private","2020","august","179284"
"Private","2020","july","176011"
"Private","2020","june","174017"
"Private","2020","may","170366"
"Private","2020","april","166114"
"Private","2020","march","176737"
"Private","2020","february","177655"
"Private","2020","january","180401"
"Private","2019","december","187271"
"Private","2019","november","184538"
"Private","2019","october","178568"
"Private","2019","september","176768"
"Private","2019","august","175333"
"Private","2019","july","173818"
"Private","2019","june","173484"
"Private","2019","may","172494"
"Private","2019","april","171217"
"Private","2019","march","170382"
"Private","2019","february","170452"
"Private","2019","january","170151"
"Private","2018","december","175432"
"Private","2018","november","172873"
"Private","2018","october","166988"
"Private","2018","september","164341"
"Private","2018","august","163395"
"Private","2018","july","161877"
"Private","2018","june","160161"
"Private","2018","may","159461"
"Private","2018","april","158529"
"Private","2018","march","159295"
"Private","2018","february","158619"
"Private","2018","january","159711"
"Private","2017","december","165995"
"Private","2017","november","163446"
"Private","2017","october","160390"
"Private","2017","september","159419"
"Private","2017","august","158248"
"Private","2017","july","156267"
"Private","2017","june","155464"
"Private","2017","may","154349"
"Private","2017","april","153915"
"Private","2017","march","153361"
"Private","2017","february","153732"
"Private","2017","january","154227"
"Private","2016","december","162876"
"Private","2016","november","161924"
"Private","2016","october","158883"
"Private","2016","september","157002"
"Private","2016","august","157112"
"Private","2016","july","156984"
"Private","2016","june","155261"
"Private","2016","may","154816"
"Private","2016","april","155110"
"Private","2016","march","152753"
"Private","2016","february","152745"
"Private","2016","january","153776"
"Private","2015","december","157729"
"Private","2015","november","154645"
"Private","2015","october","152009"
"Private","2015","september","150187"
"Private","2015","august","149717"
"Private","2015","july","149408"
"Private","2015","june","146816"
"Private","2015","may","146018"
"Private","2015","april","145000"
"Private","2015","march","143596"
"Private","2015","february","143430"
"Private","2015","january","144780"
"Private","2014","december","148378"
"Private","2014","november","147291"
"Private","2014","october","144891"
"Private","2014","september","141941"
"Private","2014","august","141232"
"Private","2014","july","139232"
"Private","2014","june","138858"
"Private","2014","may","138376"
"Private","2014","april","138653"
"Private","2014","march","137407"
"Private","2014","february","136130"
"Private","2014","january","136041"
"Private","2013","december","143334"
"Private","2013","november","141033"
"Private","2013","october","137855"
"Private","2013","september","136848"
"Private","2013","august","137279"
"Private","2013","july","136510"
"Private","2013","june","136979"
"Private","2013","may","136638"
"Private","2013","april","136747"
"Private","2013","march","135630"
"Private","2013","february","136214"
"Private","2013","january","135796"
"Private","2012","december","141389"
"Private","2012","november","138816"
"Private","2012","october","136723"
"Private","2012","september","135875"
"Private","2012","august","133399"
"Private","2012","july","131644"
"Private","2012","june","132055"
"Private","2012","may","132298"
"Private","2012","april","131628"
"Private","2012","march","131304"
"Private","2012","february","130182"
"Private","2012","january","130608"
"Private","2011","december","133327"
"Private","2011","november","132173"
"Private","2011","october","131175"
"Private","2011","september","128912"
"Private","2011","august","128168"
"Private","2011","july","127398"
"Private","2011","june","127592"
"Private","2011","may","127246"
"Private","2011","april","126935"
"Private","2011","march","125533"
"Private","2011","february","124719"
"Private","2011","january","124353"
