"Ownership","Year","Month","Value"
"Local_Government","2022","june","231"
"Local_Government","2022","may","226"
"Local_Government","2022","april","224"
"Local_Government","2022","march","224"
"Local_Government","2022","february","221"
"Local_Government","2022","january","220"
"Local_Government","2021","december","221"
"Local_Government","2021","november","221"
"Local_Government","2021","october","222"
"Local_Government","2021","september","225"
"Local_Government","2021","august","226"
"Local_Government","2021","july","226"
"Local_Government","2021","june","227"
"Local_Government","2021","may","224"
"Local_Government","2021","april","229"
"Local_Government","2021","march","224"
"Local_Government","2021","february","224"
"Local_Government","2021","january","225"
"Local_Government","2020","december","222"
"Local_Government","2020","november","226"
"Local_Government","2020","october","227"
"Local_Government","2020","september","222"
"Local_Government","2020","august","222"
"Local_Government","2020","july","229"
"Local_Government","2020","june","225"
"Local_Government","2020","may","226"
"Local_Government","2020","april","228"
"Local_Government","2020","march","228"
"Local_Government","2020","february","224"
"Local_Government","2020","january","225"
"Local_Government","2019","december","226"
"Local_Government","2019","november","225"
"Local_Government","2019","october","224"
"Local_Government","2019","september","238"
"Local_Government","2019","august","245"
"Local_Government","2019","july","251"
"Local_Government","2019","june","254"
"Local_Government","2019","may","259"
"Local_Government","2019","april","259"
"Local_Government","2019","march","252"
"Local_Government","2019","february","248"
"Local_Government","2019","january","251"
"Local_Government","2018","december","250"
"Local_Government","2018","november","252"
"Local_Government","2018","october","253"
"Local_Government","2018","september","250"
"Local_Government","2018","august","256"
"Local_Government","2018","july","257"
"Local_Government","2018","june","256"
"Local_Government","2018","may","247"
"Local_Government","2018","april","249"
"Local_Government","2018","march","251"
"Local_Government","2018","february","253"
"Local_Government","2018","january","260"
"Local_Government","2017","december","263"
"Local_Government","2017","november","263"
"Local_Government","2017","october","264"
"Local_Government","2017","september","259"
"Local_Government","2017","august","260"
"Local_Government","2017","july","263"
"Local_Government","2017","june","261"
"Local_Government","2017","may","256"
"Local_Government","2017","april","256"
"Local_Government","2017","march","252"
"Local_Government","2017","february","246"
"Local_Government","2017","january","257"
"Local_Government","2016","december","258"
"Local_Government","2016","november","253"
"Local_Government","2016","october","253"
"Local_Government","2016","september","251"
"Local_Government","2016","august","261"
"Local_Government","2016","july","263"
"Local_Government","2016","june","262"
"Local_Government","2016","may","257"
"Local_Government","2016","april","261"
"Local_Government","2016","march","258"
"Local_Government","2016","february","260"
"Local_Government","2016","january","266"
"Local_Government","2015","december","260"
"Local_Government","2015","november","257"
"Local_Government","2015","october","254"
"Local_Government","2015","september","258"
"Local_Government","2015","august","263"
"Local_Government","2015","july","265"
"Local_Government","2015","june","260"
"Local_Government","2015","may","253"
"Local_Government","2015","april","243"
"Local_Government","2015","march","243"
"Local_Government","2015","february","242"
"Local_Government","2015","january","248"
"Local_Government","2014","december","243"
"Local_Government","2014","november","241"
"Local_Government","2014","october","242"
"Local_Government","2014","september","243"
"Local_Government","2014","august","248"
"Local_Government","2014","july","245"
"Local_Government","2014","june","246"
"Local_Government","2014","may","236"
"Local_Government","2014","april","226"
"Local_Government","2014","march","227"
"Local_Government","2014","february","228"
"Local_Government","2014","january","233"
"Local_Government","2013","december","229"
"Local_Government","2013","november","228"
"Local_Government","2013","october","229"
"Local_Government","2013","september","232"
"Local_Government","2013","august","238"
"Local_Government","2013","july","238"
"Local_Government","2013","june","245"
"Local_Government","2013","may","242"
"Local_Government","2013","april","243"
"Local_Government","2013","march","243"
"Local_Government","2013","february","243"
"Local_Government","2013","january","242"
"Local_Government","2012","december","242"
"Local_Government","2012","november","241"
"Local_Government","2012","october","241"
"Local_Government","2012","september","244"
"Local_Government","2012","august","246"
"Local_Government","2012","july","246"
"Local_Government","2012","june","245"
"Local_Government","2012","may","243"
"Local_Government","2012","april","243"
"Local_Government","2012","march","245"
"Local_Government","2012","february","241"
"Local_Government","2012","january","244"
"Local_Government","2011","december","-"
"Local_Government","2011","november","-"
"Local_Government","2011","october","-"
"Local_Government","2011","september","-"
"Local_Government","2011","august","-"
"Local_Government","2011","july","-"
"Local_Government","2011","june","-"
"Local_Government","2011","may","-"
"Local_Government","2011","april","-"
"Local_Government","2011","march","-"
"Local_Government","2011","february","-"
"Local_Government","2011","january","-"
"Private","2022","june","287"
"Private","2022","may","274"
"Private","2022","april","274"
"Private","2022","march","273"
"Private","2022","february","270"
"Private","2022","january","271"
"Private","2021","december","271"
"Private","2021","november","275"
"Private","2021","october","275"
"Private","2021","september","275"
"Private","2021","august","276"
"Private","2021","july","275"
"Private","2021","june","278"
"Private","2021","may","281"
"Private","2021","april","282"
"Private","2021","march","285"
"Private","2021","february","277"
"Private","2021","january","279"
"Private","2020","december","284"
"Private","2020","november","287"
"Private","2020","october","288"
"Private","2020","september","283"
"Private","2020","august","291"
"Private","2020","july","289"
"Private","2020","june","305"
"Private","2020","may","304"
"Private","2020","april","303"
"Private","2020","march","307"
"Private","2020","february","304"
"Private","2020","january","304"
"Private","2019","december","358"
"Private","2019","november","352"
"Private","2019","october","348"
"Private","2019","september","353"
"Private","2019","august","351"
"Private","2019","july","352"
"Private","2019","june","346"
"Private","2019","may","347"
"Private","2019","april","347"
"Private","2019","march","352"
"Private","2019","february","352"
"Private","2019","january","344"
"Private","2018","december","347"
"Private","2018","november","348"
"Private","2018","october","338"
"Private","2018","september","337"
"Private","2018","august","338"
"Private","2018","july","344"
"Private","2018","june","349"
"Private","2018","may","348"
"Private","2018","april","345"
"Private","2018","march","349"
"Private","2018","february","351"
"Private","2018","january","353"
"Private","2017","december","360"
"Private","2017","november","363"
"Private","2017","october","366"
"Private","2017","september","373"
"Private","2017","august","378"
"Private","2017","july","377"
"Private","2017","june","380"
"Private","2017","may","383"
"Private","2017","april","381"
"Private","2017","march","383"
"Private","2017","february","385"
"Private","2017","january","391"
"Private","2016","december","386"
"Private","2016","november","385"
"Private","2016","october","387"
"Private","2016","september","389"
"Private","2016","august","390"
"Private","2016","july","391"
"Private","2016","june","389"
"Private","2016","may","386"
"Private","2016","april","385"
"Private","2016","march","392"
"Private","2016","february","389"
"Private","2016","january","389"
"Private","2015","december","393"
"Private","2015","november","389"
"Private","2015","october","389"
"Private","2015","september","390"
"Private","2015","august","389"
"Private","2015","july","391"
"Private","2015","june","393"
"Private","2015","may","391"
"Private","2015","april","386"
"Private","2015","march","401"
"Private","2015","february","400"
"Private","2015","january","395"
"Private","2014","december","377"
"Private","2014","november","378"
"Private","2014","october","367"
"Private","2014","september","379"
"Private","2014","august","379"
"Private","2014","july","381"
"Private","2014","june","382"
"Private","2014","may","377"
"Private","2014","april","384"
"Private","2014","march","383"
"Private","2014","february","377"
"Private","2014","january","374"
"Private","2013","december","353"
"Private","2013","november","349"
"Private","2013","october","341"
"Private","2013","september","328"
"Private","2013","august","332"
"Private","2013","july","331"
"Private","2013","june","332"
"Private","2013","may","335"
"Private","2013","april","332"
"Private","2013","march","336"
"Private","2013","february","336"
"Private","2013","january","335"
"Private","2012","december","343"
"Private","2012","november","339"
"Private","2012","october","343"
"Private","2012","september","342"
"Private","2012","august","341"
"Private","2012","july","341"
"Private","2012","june","350"
"Private","2012","may","361"
"Private","2012","april","357"
"Private","2012","march","360"
"Private","2012","february","354"
"Private","2012","january","355"
"Private","2011","december","355"
"Private","2011","november","352"
"Private","2011","october","352"
"Private","2011","september","350"
"Private","2011","august","352"
"Private","2011","july","350"
"Private","2011","june","352"
"Private","2011","may","350"
"Private","2011","april","351"
"Private","2011","march","348"
"Private","2011","february","347"
"Private","2011","january","350"
