State,Commodity,Unit,Year,Units_Within,Units_In,Units_Out
Alabama,Logs,thousand tons,2012,44229.01774,78597.43176,62341.59561
Alabama,Gravel,thousand tons,2012,28851.0747,12493.7872,12479.95578
Alabama,Coal,thousand tons,2012,22651.234,6002.207522,8494.078258
Alabama,Nonmetal min. prods.,thousand tons,2012,13561.20291,4651.900029,4913.030699
Alabama,Coal-n.e.c.,thousand tons,2012,10334.26564,4429.964915,4801.224524
Alabama,Natural sands,thousand tons,2012,9889.0644,4427.2841,4750.115664
Alabama,Waste/scrap,thousand tons,2012,8073.118752,3991.991503,4525.188888
Alabama,Wood prods.,thousand tons,2012,7260.892,3820.5901,4223.258639
Alabama,Gasoline,thousand tons,2012,7178.8693,3627.3239,3619.4511
Alabama,Fuel oils,thousand tons,2012,6808.6246,3368.6825,3480.8868
Alaska,Crude petroleum,thousand tons,2012,18944.2347,696.9925,25182.0945
Alaska,Coal-n.e.c.,thousand tons,2012,7918.609233,242.6284,258.389
Alaska,Gasoline,thousand tons,2012,5461.5112,160.4364,109.330301
Alaska,Gravel,thousand tons,2012,4527.5283,153.0707,59.0853
Alaska,Fuel oils,thousand tons,2012,3536.691,91.719902,57.4841
Alaska,Logs,thousand tons,2012,2928.549175,69.6684,46.9425
Alaska,Live animals/fish,thousand tons,2012,2687.5439,66.7304,42.1091
Alaska,Coal,thousand tons,2012,2594.2998,65.1896,40.2761
Alaska,Nonmetal min. prods.,thousand tons,2012,2351.9287,61.8719,31.9622
Alaska,Metallic ores,thousand tons,2012,1277.4205,60.8213,28.5222
Arizona,Gravel,thousand tons,2012,48816.9306,26788.92803,19023.17553
Arizona,Nonmetal min. prods.,thousand tons,2012,13908.60809,5425.2043,2466.733905
Arizona,Metallic ores,thousand tons,2012,8846.7077,4744.224399,2116.758709
Arizona,Waste/scrap,thousand tons,2012,8788.5724,2150.195095,1432.921799
Arizona,Coal,thousand tons,2012,7270.1005,2025.4741,1362.766095
Arizona,Natural sands,thousand tons,2012,6588.3766,1758.83,1209.918705
Arizona,Other foodstuffs,thousand tons,2012,6239.8599,1397.5701,1129.9515
Arizona,Other ag prods.,thousand tons,2012,5290.97847,1363.6078,1111.079602
Arizona,Mixed freight,thousand tons,2012,4463.030804,1319.649579,675.780911
Arizona,Fuel oils,thousand tons,2012,3168.5253,1156.758519,663.391
Arkansas,Gravel,thousand tons,2012,25073.4497,39603.81133,49734.5761
Arkansas,Coal-n.e.c.,thousand tons,2012,23527.8007,7130.2877,4749.1876
Arkansas,Logs,thousand tons,2012,18919.42965,6659.5565,4715.018802
Arkansas,Cereal grains,thousand tons,2012,13431.9648,4156.2187,3694.1699
Arkansas,Waste/scrap,thousand tons,2012,8380.1254,3743.339,2886.3539
Arkansas,Machinery,thousand tons,2012,7765.2286,3677.4814,2721.8726
Arkansas,Nonmetal min. prods.,thousand tons,2012,7401.3917,3618.7839,2644.3572
Arkansas,Other ag prods.,thousand tons,2012,6593.772437,3442.0292,2350.7747
Arkansas,Natural sands,thousand tons,2012,5599.039,2302.628814,2302.1459
Arkansas,Wood prods.,thousand tons,2012,4242.9658,1962.074699,2107.841002
California,Gasoline,thousand tons,2012,108731.3827,51320.60241,23029.9703
California,Gravel,thousand tons,2012,95680.72211,18704.251,8271.345266
California,Nonmetal min. prods.,thousand tons,2012,95039.09329,15518.66269,6976.395552
California,Waste/scrap,thousand tons,2012,88163.65641,14926.86631,6693.554946
California,Other foodstuffs,thousand tons,2012,75791.81303,9325.394317,5926.999001
California,Natural sands,thousand tons,2012,69753.83815,8073.256227,5346.145248
California,Crude petroleum,thousand tons,2012,64075.9352,7856.632727,5303.330576
California,Other ag prods.,thousand tons,2012,53737.54952,7614.241906,5249.113664
California,Coal-n.e.c.,thousand tons,2012,46209.48399,7074.265061,5110.391746
California,Mixed freight,thousand tons,2012,38254.06476,6137.188818,4680.604133
Colorado,Gravel,thousand tons,2012,47260.0254,35554.0407,56082.18476
Colorado,Coal-n.e.c.,thousand tons,2012,30397.8283,17770.0224,15508.025
Colorado,Coal,thousand tons,2012,16278.0594,3516.4747,6282.1857
Colorado,Nonmetal min. prods.,thousand tons,2012,13398.9566,3336.9027,3066.4893
Colorado,Cereal grains,thousand tons,2012,11995.3439,2310.4684,3040.7862
Colorado,Natural sands,thousand tons,2012,11035.5261,1954.0232,2714.8523
Colorado,Animal feed,thousand tons,2012,10692.2043,1871.680321,2691.254602
Colorado,Waste/scrap,thousand tons,2012,9473.0169,1699.2451,1685.64576
Colorado,Gasoline,thousand tons,2012,4945.7235,1529.9138,1621.1632
Colorado,Mixed freight,thousand tons,2012,4913.323932,1474.8015,1587.709601
Connecticut,Gravel,thousand tons,2012,16570.7952,13729.76556,13126.71691
Connecticut,Fuel oils,thousand tons,2012,15337.1271,6352.973032,8954.812178
Connecticut,Coal-n.e.c.,thousand tons,2012,7818.4598,3552.38867,4213.984994
Connecticut,Nonmetal min. prods.,thousand tons,2012,7247.1291,2641.549834,2888.565901
Connecticut,Waste/scrap,thousand tons,2012,5596.2338,2001.204227,1872.070308
Connecticut,Gasoline,thousand tons,2012,4440.6135,1442.464361,1566.839406
Connecticut,Natural sands,thousand tons,2012,3359.9329,1197.3701,1361.531602
Connecticut,Mixed freight,thousand tons,2012,1964.317294,1179.744791,1261.1344
Connecticut,Other foodstuffs,thousand tons,2012,1352.0332,1036.7631,1217.303316
Connecticut,Base metals,thousand tons,2012,1193.8458,976.526289,1185.1102
Delaware,Gasoline,thousand tons,2012,6367.02,4608.413653,1120.0062
Delaware,Crude petroleum,thousand tons,2012,5843.1847,2667.445041,1111.245161
Delaware,Fuel oils,thousand tons,2012,5634.9299,1701.0095,877.8384
Delaware,Gravel,thousand tons,2012,3218.9296,1446.0078,850.1744
Delaware,Waste/scrap,thousand tons,2012,2528.515201,1068.978975,700.332626
Delaware,Nonmetal min. prods.,thousand tons,2012,2205.1171,993.6486,609.8329
Delaware,Natural sands,thousand tons,2012,2062.9875,970.312065,602.4222
Delaware,Other ag prods.,thousand tons,2012,1700.049277,732.4377,451.95089
Delaware,Coal-n.e.c.,thousand tons,2012,1627.752422,599.089207,362.4754
Delaware,Cereal grains,thousand tons,2012,1615.4316,580.2145,346.863558
Florida,Gravel,thousand tons,2012,108678.4249,26625.46465,8109.651441
Florida,Natural sands,thousand tons,2012,85835.3866,13807.8709,8076.230273
Florida,Gasoline,thousand tons,2012,49441.9008,12533.8079,6348.34241
Florida,Nonmetal min. prods.,thousand tons,2012,42171.307,12067.0582,3354.41229
Florida,Other ag prods.,thousand tons,2012,38097.73529,6867.259908,3330.860809
Florida,Waste/scrap,thousand tons,2012,31725.81935,4083.420561,2180.259519
Florida,Other foodstuffs,thousand tons,2012,19276.71489,4058.720864,2119.349115
Florida,Fuel oils,thousand tons,2012,18540.93645,3836.034944,2023.472609
Florida,Mixed freight,thousand tons,2012,15193.91662,3326.798203,1649.478226
Florida,Nonmetallic minerals,thousand tons,2012,13576.08134,3222.093017,1519.142644
Georgia,Gravel,thousand tons,2012,54933.9646,33922.65547,25772.36202
Georgia,Logs,thousand tons,2012,34800.08824,19208.7743,10915.0601
Georgia,Gasoline,thousand tons,2012,20280.0076,10723.4401,6818.759603
Georgia,Nonmetal min. prods.,thousand tons,2012,20083.28399,7329.278592,5912.955301
Georgia,Waste/scrap,thousand tons,2012,14905.2692,7149.675071,5902.386736
Georgia,Wood prods.,thousand tons,2012,14332.66676,6313.8917,5359.166651
Georgia,Nonmetallic minerals,thousand tons,2012,11707.3412,6297.621162,4954.542805
Georgia,Other ag prods.,thousand tons,2012,9760.390911,5176.12247,4779.45303
Georgia,Other foodstuffs,thousand tons,2012,9068.5488,4866.944837,4559.3186
Georgia,Fuel oils,thousand tons,2012,8970.7861,4444.82902,4366.139505
Hawaii,Gravel,thousand tons,2012,8413.9056,1208.3186,853.1694
Hawaii,Crude petroleum,thousand tons,2012,6081.6046,286.1251,34.3075
Hawaii,Fuel oils,thousand tons,2012,6002.5199,265.4139,33.525395
Hawaii,Gasoline,thousand tons,2012,5522.2622,247.53715,26.848195
Hawaii,Waste/scrap,thousand tons,2012,4286.3408,215.9704,25.461798
Hawaii,Nonmetal min. prods.,thousand tons,2012,3682.94699,215.5837,21.190298
Hawaii,Fertilizers,thousand tons,2012,1316.6179,140.5088,17.492705
Hawaii,Natural sands,thousand tons,2012,1072.9673,131.0075,14.0556
Hawaii,Other foodstuffs,thousand tons,2012,943.261792,128.3322,12.917699
Hawaii,Coal,thousand tons,2012,905.8479,97.2331,9.3219
Idaho,Other ag prods.,thousand tons,2012,14955.94653,3172.2012,14867.8113
Idaho,Coal-n.e.c.,thousand tons,2012,12662.2167,3085.7864,5553.127
Idaho,Other foodstuffs,thousand tons,2012,8066.5382,2756.251085,4239.3373
Idaho,Logs,thousand tons,2012,7119.743183,2394.21841,4152.964872
Idaho,Cereal grains,thousand tons,2012,6229.9574,2229.1054,3112.015275
Idaho,Gravel,thousand tons,2012,4916.0337,2185.474401,2700.501
Idaho,Animal feed,thousand tons,2012,4815.7019,1326.974,2519.3541
Idaho,Wood prods.,thousand tons,2012,3279.0448,1288.52769,1449.9232
Idaho,Nonmetal min. prods.,thousand tons,2012,2277.7593,1006.381,1039.1417
Idaho,Waste/scrap,thousand tons,2012,1918.8249,975.398,794.3957
Illinois,Gravel,thousand tons,2012,79919.21496,72114.18997,60259.23768
Illinois,Cereal grains,thousand tons,2012,78317.58333,59550.3718,28633.9037
Illinois,Gasoline,thousand tons,2012,53080.61694,55118.0939,23175.9192
Illinois,Fuel oils,thousand tons,2012,43899.036,17168.92734,20079.00645
Illinois,Fertilizers,thousand tons,2012,28612.88605,17102.84457,18610.5529
Illinois,Other ag prods.,thousand tons,2012,24326.43603,16023.56032,16420.58336
Illinois,Nonmetal min. prods.,thousand tons,2012,21094.7976,11002.90664,16221.21082
Illinois,Natural sands,thousand tons,2012,18585.40132,10342.3538,14218.9091
Illinois,Other foodstuffs,thousand tons,2012,16288.42716,9825.28277,13905.96092
Illinois,Waste/scrap,thousand tons,2012,15741.31989,9570.624806,10154.30541
Indiana,Gravel,thousand tons,2012,46575.9811,57209.8839,43206.35476
Indiana,Coal,thousand tons,2012,34504.0505,32558.6405,28906.89282
Indiana,Cereal grains,thousand tons,2012,25522.5817,24934.61,13040.21889
Indiana,Gasoline,thousand tons,2012,18963.0796,18463.79511,10364.57337
Indiana,Fuel oils,thousand tons,2012,16207.157,11934.9504,9090.873396
Indiana,Nonmetal min. prods.,thousand tons,2012,12807.4928,8901.8773,8493.264084
Indiana,Base metals,thousand tons,2012,11373.0259,8386.1353,7069.000772
Indiana,Other ag prods.,thousand tons,2012,10079.71416,6915.238293,5394.56285
Indiana,Waste/scrap,thousand tons,2012,8904.1298,6174.156699,5224.99154
Indiana,Other foodstuffs,thousand tons,2012,7397.3283,6030.6273,4187.455703
Iowa,Cereal grains,thousand tons,2012,80678.0077,50996.61746,36435.73063
Iowa,Gravel,thousand tons,2012,47800.67486,20421.4953,20458.8952
Iowa,Animal feed,thousand tons,2012,29194.77242,16587.4769,18096.8496
Iowa,Other ag prods.,thousand tons,2012,19316.88304,4772.1241,15621.71554
Iowa,Nonmetal min. prods.,thousand tons,2012,14272.77249,4537.934518,13557.3749
Iowa,Other foodstuffs,thousand tons,2012,6468.994145,4422.411542,6822.9981
Iowa,Live animals/fish,thousand tons,2012,6322.013042,4364.2516,5957.5964
Iowa,Waste/scrap,thousand tons,2012,5380.209574,3851.8288,3842.956097
Iowa,Fertilizers,thousand tons,2012,5061.893162,3637.0273,3732.0974
Iowa,Nonmetallic minerals,thousand tons,2012,4838.597716,3214.6978,3032.1016
Kansas,Cereal grains,thousand tons,2012,49311.776,44615.32999,41509.8411
Kansas,Nonmetal min. prods.,thousand tons,2012,13283.3212,15103.3426,37001.87915
Kansas,Gravel,thousand tons,2012,12595.4858,13387.2576,5087.6375
Kansas,Fuel oils,thousand tons,2012,10925.0621,9419.1246,5020.7316
Kansas,Natural sands,thousand tons,2012,10492.3815,4111.7914,3586.4981
Kansas,Coal-n.e.c.,thousand tons,2012,9839.6036,4102.5359,3483.5656
Kansas,Mixed freight,thousand tons,2012,8310.552376,3585.7252,3330.365998
Kansas,Animal feed,thousand tons,2012,6508.1162,3197.1431,3303.5931
Kansas,Gasoline,thousand tons,2012,5766.8745,2901.0558,3282.612
Kansas,Other ag prods.,thousand tons,2012,5564.238136,2372.4009,2889.990788
Kentucky,Coal,thousand tons,2012,41165.0338,38242.6454,72849.8724
Kentucky,Gravel,thousand tons,2012,39362.2179,21033.2931,34891.27319
Kentucky,Waste/scrap,thousand tons,2012,8658.3126,10618.9461,10050.377
Kentucky,Nonmetal min. prods.,thousand tons,2012,7751.553899,9525.40478,8432.834011
Kentucky,Gasoline,thousand tons,2012,7533.6341,5863.067797,8163.9069
Kentucky,Logs,thousand tons,2012,6518.421144,5486.9371,6340.579343
Kentucky,Coal-n.e.c.,thousand tons,2012,6345.517902,5271.1026,4174.93939
Kentucky,Fuel oils,thousand tons,2012,5748.7137,4614.824399,3598.668144
Kentucky,Cereal grains,thousand tons,2012,5510.6321,4418.0304,3587.578513
Kentucky,Natural sands,thousand tons,2012,5361.1928,4278.8141,2744.2271
Louisiana,Coal-n.e.c.,thousand tons,2012,94333.16121,64920.4264,125082.1003
Louisiana,Crude petroleum,thousand tons,2012,80450.5466,57480.35193,35396.18073
Louisiana,Fuel oils,thousand tons,2012,64827.6272,36107.1992,28824.7693
Louisiana,Gasoline,thousand tons,2012,62449.3277,20433.91141,17332.6004
Louisiana,Basic chemicals,thousand tons,2012,32523.58692,19916.1745,16117.7986
Louisiana,Other ag prods.,thousand tons,2012,32461.19011,12168.3847,12372.25024
Louisiana,Cereal grains,thousand tons,2012,28951.0096,7948.494097,8337.28847
Louisiana,Logs,thousand tons,2012,20144.31028,4303.908807,7711.652
Louisiana,Gravel,thousand tons,2012,17379.5601,3377.54584,7012.543378
Louisiana,Nonmetal min. prods.,thousand tons,2012,14330.3136,3292.474239,6961.864953
Maine,Logs,thousand tons,2012,16744.19061,2767.570187,7588.3078
Maine,Misc. mfg. prods.,thousand tons,2012,6553.295705,1449.575398,3870.864999
Maine,Coal-n.e.c.,thousand tons,2012,3596.068,1320.146391,2425.1157
Maine,Fuel oils,thousand tons,2012,3447.7176,1151.6786,1506.3945
Maine,Wood prods.,thousand tons,2012,3220.0005,519.688894,1436.0359
Maine,Gasoline,thousand tons,2012,2867.2605,519.094298,1389.7502
Maine,Gravel,thousand tons,2012,2704.3671,475.373895,1323.1795
Maine,Nonmetal min. prods.,thousand tons,2012,2539.5755,464.8379,925.093958
Maine,Nonmetallic minerals,thousand tons,2012,2229.1403,411.893105,900.8615
Maine,Waste/scrap,thousand tons,2012,1919.3082,399.8137,401.680924
Maryland,Gravel,thousand tons,2012,26340.8225,28207.3247,11825.01287
Maryland,Nonmetal min. prods.,thousand tons,2012,9928.900963,15896.96296,6378.868218
Maryland,Gasoline,thousand tons,2012,8303.8958,4786.384676,5123.943586
Maryland,Waste/scrap,thousand tons,2012,7716.791932,4522.1038,4430.298673
Maryland,Natural sands,thousand tons,2012,6502.9592,3484.250055,3900.118
Maryland,Coal-n.e.c.,thousand tons,2012,5070.965178,3218.787226,3130.050496
Maryland,Other foodstuffs,thousand tons,2012,4858.68226,3211.528487,2475.181701
Maryland,Nonmetallic minerals,thousand tons,2012,3623.9192,2662.6795,2468.905061
Maryland,Wood prods.,thousand tons,2012,3610.948209,2046.734458,2005.0103
Maryland,Coal,thousand tons,2012,2632.6093,2023.8203,1979.037801
Massachusetts,Gravel,thousand tons,2012,23782.5599,11050.03043,7557.7069
Massachusetts,Gasoline,thousand tons,2012,22974.3744,7305.5001,6268.500021
Massachusetts,Waste/scrap,thousand tons,2012,13093.7409,5476.298753,3962.75664
Massachusetts,Nonmetal min. prods.,thousand tons,2012,11729.1961,5238.031597,3152.10737
Massachusetts,Fuel oils,thousand tons,2012,8250.427,2658.001096,2304.204853
Massachusetts,Natural sands,thousand tons,2012,6097.1982,2353.202357,2077.285898
Massachusetts,Coal-n.e.c.,thousand tons,2012,5317.741407,2230.881001,2052.678399
Massachusetts,Mixed freight,thousand tons,2012,3966.867689,1854.608582,1833.391498
Massachusetts,Wood prods.,thousand tons,2012,3229.3427,1668.288,1460.1907
Massachusetts,Other foodstuffs,thousand tons,2012,2399.0486,1623.056495,1401.897202
Michigan,Gravel,thousand tons,2012,30848.7195,59013.97686,19834.6153
Michigan,Coal-n.e.c.,thousand tons,2012,20097.7067,26576.7443,12909.36724
Michigan,Nonmetal min. prods.,thousand tons,2012,15193.6242,13234.37047,11809.23402
Michigan,Gasoline,thousand tons,2012,14600.60032,10855.25579,11428.38258
Michigan,Motorized vehicles,thousand tons,2012,14508.18741,7266.8679,9026.094807
Michigan,Metallic ores,thousand tons,2012,13295.2235,7070.394018,7536.317913
Michigan,Cereal grains,thousand tons,2012,13144.9673,6506.57287,7516.115
Michigan,Logs,thousand tons,2012,12658.18157,5640.78296,7374.9809
Michigan,Natural sands,thousand tons,2012,11470.47956,5032.221551,6617.606928
Michigan,Other foodstuffs,thousand tons,2012,10571.09731,4905.239136,5334.682
Minnesota,Cereal grains,thousand tons,2012,61165.5559,33471.27086,55005.5518
Minnesota,Other ag prods.,thousand tons,2012,31087.24659,28293.51835,30802.42244
Minnesota,Gravel,thousand tons,2012,30130.3426,23510.63523,28957.32041
Minnesota,Nonmetal min. prods.,thousand tons,2012,16875.561,14874.36495,17216.8186
Minnesota,Other foodstuffs,thousand tons,2012,13159.9722,13561.83471,9852.47971
Minnesota,Animal feed,thousand tons,2012,10133.4923,7615.56104,5135.30352
Minnesota,Gasoline,thousand tons,2012,9373.8521,6858.610824,4581.626473
Minnesota,Coal-n.e.c.,thousand tons,2012,9240.183593,6267.265783,3771.7707
Minnesota,Metallic ores,thousand tons,2012,6550.8242,6088.741605,2938.6909
Minnesota,Waste/scrap,thousand tons,2012,6186.8493,5664.082914,2791.1791
Mississippi,Coal-n.e.c.,thousand tons,2012,42980.00684,114612.6515,110330.9388
Mississippi,Logs,thousand tons,2012,25822.53133,12068.8189,6084.4897
Mississippi,Crude petroleum,thousand tons,2012,15783.6009,10625.62276,3684.710902
Mississippi,Wood prods.,thousand tons,2012,8488.8201,6267.2394,3605.881335
Mississippi,Gravel,thousand tons,2012,7101.3696,6217.3534,3572.0302
Mississippi,Gasoline,thousand tons,2012,6723.5511,5359.5833,2845.8197
Mississippi,Cereal grains,thousand tons,2012,6176.6946,5124.8346,2398.288614
Mississippi,Fuel oils,thousand tons,2012,4843.5676,4111.7064,2373.484714
Mississippi,Nonmetal min. prods.,thousand tons,2012,3924.9792,3874.7207,2210.5198
Mississippi,Waste/scrap,thousand tons,2012,3746.4424,2912.280451,1808.7385
Missouri,Gravel,thousand tons,2012,39123.98692,42887.3415,32843.74913
Missouri,Nonmetal min. prods.,thousand tons,2012,16506.44317,40854.92544,11242.6234
Missouri,Cereal grains,thousand tons,2012,14347.03551,11485.45146,8332.6643
Missouri,Coal-n.e.c.,thousand tons,2012,8665.494767,7562.761727,8199.728403
Missouri,Other ag prods.,thousand tons,2012,8010.983188,7288.7754,6663.6924
Missouri,Animal feed,thousand tons,2012,5810.579584,5526.9636,6623.966599
Missouri,Other foodstuffs,thousand tons,2012,5548.656024,5493.4954,4859.838404
Missouri,Natural sands,thousand tons,2012,5375.545382,5315.164596,4417.430601
Missouri,Logs,thousand tons,2012,5201.675697,5310.795262,4234.226503
Missouri,Waste/scrap,thousand tons,2012,4453.140755,3966.974609,3497.511702
Montana,Coal-n.e.c.,thousand tons,2012,19795.591,4190.8257,36947.9325
Montana,Crude petroleum,thousand tons,2012,10446.2896,3831.151077,17253.5774
Montana,Cereal grains,thousand tons,2012,8586.9549,2700.2516,12572.0563
Montana,Fuel oils,thousand tons,2012,5159.4678,2239.671917,6688.7473
Montana,Gasoline,thousand tons,2012,4596.8468,1778.0078,4915.6809
Montana,Gravel,thousand tons,2012,4282.2699,1305.9,2433.308703
Montana,Nonmetal min. prods.,thousand tons,2012,2725.2943,1256.500102,2173.296
Montana,Logs,thousand tons,2012,2496.879134,1054.6508,1395.0652
Montana,Waste/scrap,thousand tons,2012,1712.6681,884.362063,1219.9138
Montana,Fertilizers,thousand tons,2012,1234.8334,748.967304,1165.4026
Nebraska,Cereal grains,thousand tons,2012,74236.7312,46537.16379,43998.57656
Nebraska,Animal feed,thousand tons,2012,14023.6922,16192.1213,22760.4499
Nebraska,Other ag prods.,thousand tons,2012,10540.23592,14871.8061,10700.3376
Nebraska,Gravel,thousand tons,2012,9473.5265,5932.0711,5154.2372
Nebraska,Nonmetal min. prods.,thousand tons,2012,7449.0719,3843.951,4443.7423
Nebraska,Live animals/fish,thousand tons,2012,4698.374,3180.8219,4063.2133
Nebraska,Milled grain prods.,thousand tons,2012,3741.8565,2546.942101,3866.9867
Nebraska,Waste/scrap,thousand tons,2012,3561.0524,2448.9167,3341.706315
Nebraska,Fertilizers,thousand tons,2012,3531.89,2244.2766,2676.3167
Nebraska,Other foodstuffs,thousand tons,2012,3079.0045,1979.489784,1251.7632
Nevada,Gravel,thousand tons,2012,13189.2603,23994.62578,20391.65012
Nevada,Nonmetal min. prods.,thousand tons,2012,7807.3407,3041.255289,3524.4417
Nevada,Waste/scrap,thousand tons,2012,4167.7845,2299.0996,1733.8513
Nevada,Natural sands,thousand tons,2012,2773.5315,2256.701,1713.182202
Nevada,Other foodstuffs,thousand tons,2012,1596.8901,1950.814854,1616.788779
Nevada,Fuel oils,thousand tons,2012,1033.7316,1591.311824,1004.8079
Nevada,Mixed freight,thousand tons,2012,1008.768511,1303.598755,904.317044
Nevada,Coal-n.e.c.,thousand tons,2012,992.6645,1303.5192,819.0325
Nevada,Animal feed,thousand tons,2012,959.8418,689.72516,621.603002
Nevada,Gasoline,thousand tons,2012,684.9983,682.2545,571.1497
New Hampshire,Gravel,thousand tons,2012,4733.6794,9874.4678,2028.601354
New Hampshire,Fuel oils,thousand tons,2012,4359.468,4542.351699,1642.2255
New Hampshire,Logs,thousand tons,2012,3041.739249,3094.272953,1369.883746
New Hampshire,Nonmetal min. prods.,thousand tons,2012,2381.9728,2143.550696,966.3048
New Hampshire,Natural sands,thousand tons,2012,1710.3933,1577.084019,923.868081
New Hampshire,Waste/scrap,thousand tons,2012,1372.2935,1154.525804,876.6098
New Hampshire,Nonmetallic minerals,thousand tons,2012,1220.4933,956.812865,788.088801
New Hampshire,Other foodstuffs,thousand tons,2012,1186.5246,847.708961,568.013798
New Hampshire,Wood prods.,thousand tons,2012,1069.8714,600.4253,499.942703
New Hampshire,Coal-n.e.c.,thousand tons,2012,920.462361,540.745114,326.6781
New Jersey,Fuel oils,thousand tons,2012,41576.243,30895.60179,20812.41529
New Jersey,Gravel,thousand tons,2012,35674.6672,10536.88258,13830.39161
New Jersey,Gasoline,thousand tons,2012,27649.0334,9645.1357,7483.850386
New Jersey,Nonmetal min. prods.,thousand tons,2012,16838.6704,7174.658934,6249.619816
New Jersey,Crude petroleum,thousand tons,2012,14280.5675,6859.406142,6066.682401
New Jersey,Coal-n.e.c.,thousand tons,2012,10031.70134,6647.046599,5981.806158
New Jersey,Waste/scrap,thousand tons,2012,9460.7964,5910.9631,5834.837428
New Jersey,Other foodstuffs,thousand tons,2012,9082.199913,5511.1026,5769.5968
New Jersey,Natural sands,thousand tons,2012,8686.5267,4571.3892,5644.801799
New Jersey,Wood prods.,thousand tons,2012,6331.021241,4459.853955,5246.835901
New Mexico,Coal-n.e.c.,thousand tons,2012,22116.61304,12439.59081,30123.72931
New Mexico,Coal,thousand tons,2012,18895.2647,4306.6966,12222.8231
New Mexico,Gasoline,thousand tons,2012,6134,2185.4415,2011.7712
New Mexico,Nonmetal min. prods.,thousand tons,2012,4824.2321,1783.1515,1158.762
New Mexico,Gravel,thousand tons,2012,4641.9932,1426.473498,1153.6418
New Mexico,Other foodstuffs,thousand tons,2012,4497.9333,1193.0536,834.8989
New Mexico,Waste/scrap,thousand tons,2012,2655.5121,1127.0041,620.6399
New Mexico,Fuel oils,thousand tons,2012,2579,1087.1489,588.6416
New Mexico,Crude petroleum,thousand tons,2012,2310.3136,904.2699,460.0292
New Mexico,Natural sands,thousand tons,2012,1137.8207,801.0045,367.8859
New York,Gravel,thousand tons,2012,71988.79658,44312.99678,22440.99435
New York,Nonmetal min. prods.,thousand tons,2012,39525.93479,14430.90548,10231.15081
New York,Coal-n.e.c.,thousand tons,2012,26913.11639,10922.82682,9268.60072
New York,Waste/scrap,thousand tons,2012,22264.05981,10305.60653,7304.366094
New York,Other foodstuffs,thousand tons,2012,21067.66779,10074.28869,5970.82241
New York,Nonmetallic minerals,thousand tons,2012,20039.12707,7077.745005,5752.040015
New York,Fuel oils,thousand tons,2012,18025.2377,6935.94043,5540.63709
New York,Natural sands,thousand tons,2012,17768.91011,6599.21402,5356.222661
New York,Gasoline,thousand tons,2012,14360.2348,6572.088054,4637.13572
New York,Cereal grains,thousand tons,2012,13870.93721,6414.340296,4541.6601
North Carolina,Gravel,thousand tons,2012,46850.8361,33160.5461,11792.13462
North Carolina,Logs,thousand tons,2012,26704.11804,24973.20483,9138.761903
North Carolina,Nonmetal min. prods.,thousand tons,2012,25600.7099,6451.006707,7602.137513
North Carolina,Gasoline,thousand tons,2012,15140.0272,6017.0966,6813.227278
North Carolina,Waste/scrap,thousand tons,2012,11518.1985,6006.453362,5165.927068
North Carolina,Wood prods.,thousand tons,2012,11337.9134,5843.287591,4883.4331
North Carolina,Mixed freight,thousand tons,2012,8025.969892,5698.129936,3541.24697
North Carolina,Other ag prods.,thousand tons,2012,7961.485344,4484.316,3529.902977
North Carolina,Other foodstuffs,thousand tons,2012,7764.2318,4287.904042,3386.768702
North Carolina,Natural sands,thousand tons,2012,7079.4993,3824.509658,3355.3872
North Dakota,Cereal grains,thousand tons,2012,29535.5909,16118.829,124173.7603
North Dakota,Coal,thousand tons,2012,21700.0734,6119.058305,36888.92237
North Dakota,Other ag prods.,thousand tons,2012,19954.67321,4474.6289,15556.54743
North Dakota,Coal-n.e.c.,thousand tons,2012,14825.0239,4328.942932,7539.892372
North Dakota,Gravel,thousand tons,2012,12931.7053,3434.052009,7157.2933
North Dakota,Nonmetal min. prods.,thousand tons,2012,3167.667,2231.857055,4484.2663
North Dakota,Crude petroleum,thousand tons,2012,3151.5829,2147.3511,4273.619182
North Dakota,Gasoline,thousand tons,2012,3102.165,1719.484433,3471.132933
North Dakota,Fuel oils,thousand tons,2012,3099.9565,1710.313212,2414.8939
North Dakota,Natural sands,thousand tons,2012,2815.1552,1344.933468,2025.521104
Ohio,Gravel,thousand tons,2012,78606.6745,41980.82311,42435.86932
Ohio,Nonmetal min. prods.,thousand tons,2012,40173.1586,38189.9788,24083.78209
Ohio,Coal,thousand tons,2012,27784.8698,24509.3674,11509.89003
Ohio,Gasoline,thousand tons,2012,24426.3818,23113.97559,11000.46655
Ohio,Waste/scrap,thousand tons,2012,23109.4452,13327.1043,9507.7863
Ohio,Cereal grains,thousand tons,2012,18417.654,11493.63833,9429.448892
Ohio,Base metals,thousand tons,2012,14144.6301,9655.002049,8970.814217
Ohio,Other foodstuffs,thousand tons,2012,13009.9382,8942.88331,7889.788473
Ohio,Fuel oils,thousand tons,2012,12868.5638,7850.2935,6905.74617
Ohio,Mixed freight,thousand tons,2012,12353.85327,7166.72567,6796.133589
Oklahoma,Coal-n.e.c.,thousand tons,2012,46342.23705,20034.32343,72947.90158
Oklahoma,Gravel,thousand tons,2012,42895.89922,19638.1211,16805.1719
Oklahoma,Gasoline,thousand tons,2012,20901.508,12696.6928,9523.0292
Oklahoma,Fuel oils,thousand tons,2012,17811.191,4886.927,7660.3536
Oklahoma,Natural sands,thousand tons,2012,13987.09948,3728.2167,6905.714601
Oklahoma,Nonmetal min. prods.,thousand tons,2012,10928.6974,3685.1449,5662.416
Oklahoma,Cereal grains,thousand tons,2012,5227.2057,3587.3397,3688.7916
Oklahoma,Waste/scrap,thousand tons,2012,4895.0454,3393.280004,2763.684197
Oklahoma,Crude petroleum,thousand tons,2012,4482.2682,3068.650237,2720.0824
Oklahoma,Animal feed,thousand tons,2012,3316.2219,2895.350901,2266.1445
Oregon,Logs,thousand tons,2012,28470.80207,19674.75138,14506.24189
Oregon,Gravel,thousand tons,2012,22439.2747,5987.061503,11152.28801
Oregon,Wood prods.,thousand tons,2012,17190.2265,4414.414021,3093.906657
Oregon,Nonmetal min. prods.,thousand tons,2012,8733.67564,3722.675,2926.876069
Oregon,Other ag prods.,thousand tons,2012,6801.453819,3438.811175,2179.7528
Oregon,Cereal grains,thousand tons,2012,6607.6966,2590.993471,2089.030422
Oregon,Waste/scrap,thousand tons,2012,4433.180601,2239.059,1880.519103
Oregon,Other foodstuffs,thousand tons,2012,4081.8723,2150.192183,1858.017652
Oregon,Fertilizers,thousand tons,2012,2931.481,1752.953625,1306.821099
Oregon,Fuel oils,thousand tons,2012,2645.9501,1293.137603,1156.815584
Pennsylvania,Coal-n.e.c.,thousand tons,2012,78067.68704,27039.69032,50426.61165
Pennsylvania,Gravel,thousand tons,2012,62722.2327,26114.7599,35897.94154
Pennsylvania,Coal,thousand tons,2012,33525.8557,18370.31286,16831.17732
Pennsylvania,Waste/scrap,thousand tons,2012,24968.22459,11837.80565,14500.2276
Pennsylvania,Nonmetal min. prods.,thousand tons,2012,23919.47863,9801.509731,14021.66347
Pennsylvania,Other foodstuffs,thousand tons,2012,19719.34069,9021.771638,13504.07227
Pennsylvania,Crude petroleum,thousand tons,2012,16693.0769,6882.786499,10735.14742
Pennsylvania,Gasoline,thousand tons,2012,14181.8777,6608.028528,8139.7325
Pennsylvania,Fuel oils,thousand tons,2012,14093.2223,6427.508306,5113.991896
Pennsylvania,Nonmetallic minerals,thousand tons,2012,14082.6309,6135.1618,5023.256581
Rhode Island,Gasoline,thousand tons,2012,6677.5135,4282.964422,7185.7643
Rhode Island,Fuel oils,thousand tons,2012,3984.0236,2399.76,2824.004771
Rhode Island,Gravel,thousand tons,2012,2828.2503,762.959925,1462.767801
Rhode Island,Waste/scrap,thousand tons,2012,1832.2742,514.293163,1122.0367
Rhode Island,Nonmetal min. prods.,thousand tons,2012,1343.277,470.6793,1103.1862
Rhode Island,Coal-n.e.c.,thousand tons,2012,891.2396,465.761902,535.90116
Rhode Island,Natural sands,thousand tons,2012,538.4719,424.281327,312.997901
Rhode Island,Other foodstuffs,thousand tons,2012,400.8737,406.13604,268.633097
Rhode Island,Motorized vehicles,thousand tons,2012,336.358456,249.7932,230.336803
Rhode Island,Wood prods.,thousand tons,2012,222.177,219.467588,226.237954
South Carolina,Logs,thousand tons,2012,20423.42446,22562.19071,17094.57576
South Carolina,Gravel,thousand tons,2012,19345.9931,16114.0858,6304.043307
South Carolina,Natural sands,thousand tons,2012,10989.2736,6277.468777,5857.429288
South Carolina,Waste/scrap,thousand tons,2012,10951.22678,6137.540513,5574.225099
South Carolina,Nonmetal min. prods.,thousand tons,2012,9492.658155,5219.657903,3616.145005
South Carolina,Gasoline,thousand tons,2012,4062.0852,4224.5837,3291.887358
South Carolina,Other ag prods.,thousand tons,2012,3919.317758,3874.079585,3232.269591
South Carolina,Wood prods.,thousand tons,2012,3062.452391,3219.1683,2224.053769
South Carolina,Basic chemicals,thousand tons,2012,2850.855981,3152.012595,1846.0199
South Carolina,Plastics/rubber,thousand tons,2012,2630.659926,2525.610857,1702.4137
South Dakota,Cereal grains,thousand tons,2012,31173.623,17035.1645,15394.85847
South Dakota,Gravel,thousand tons,2012,5867.334,2634.5782,12132.175
South Dakota,Animal feed,thousand tons,2012,5711.5288,2095.1992,2857.824762
South Dakota,Other ag prods.,thousand tons,2012,5580.278972,1554.4586,2720.9895
South Dakota,Nonmetal min. prods.,thousand tons,2012,4646.3912,1455.2752,2311.4185
South Dakota,Fertilizers,thousand tons,2012,3302.2249,1031.0653,2187.7098
South Dakota,Natural sands,thousand tons,2012,2249.2703,879.5833,1623.5781
South Dakota,Live animals/fish,thousand tons,2012,1740.675,869.9176,746.0683
South Dakota,Fuel oils,thousand tons,2012,1537.149,865.0944,674.7596
South Dakota,Other foodstuffs,thousand tons,2012,1329.2046,831.992814,585.6165
Tennessee,Gravel,thousand tons,2012,37837.0902,45339.52028,37696.11505
Tennessee,Nonmetal min. prods.,thousand tons,2012,13208.6649,10157.911,10483.7415
Tennessee,Logs,thousand tons,2012,12231.50247,7904.564514,6769.466183
Tennessee,Gasoline,thousand tons,2012,10396.801,7308.3569,5771.407739
Tennessee,Waste/scrap,thousand tons,2012,9500.0331,6915.066103,4821.472905
Tennessee,Wood prods.,thousand tons,2012,5286.7666,4698.93268,4717.589104
Tennessee,Other foodstuffs,thousand tons,2012,5276.8772,4662.6408,4314.128704
Tennessee,Cereal grains,thousand tons,2012,4624.1232,4622.727257,4031.862642
Tennessee,Fuel oils,thousand tons,2012,4197.3117,3912.770415,3915.738198
Tennessee,Basic chemicals,thousand tons,2012,3995.689499,3599.550392,3864.403805
Texas,Gasoline,thousand tons,2012,429322.299,63919.9459,96552.6054
Texas,Fuel oils,thousand tons,2012,397078.4972,50622.37746,86835.12509
Texas,Crude petroleum,thousand tons,2012,246376.748,41486.6995,28426.87724
Texas,Coal-n.e.c.,thousand tons,2012,241272.4384,28096.0395,25425.4474
Texas,Gravel,thousand tons,2012,140689.3025,19661.00498,14168.5598
Texas,Nonmetal min. prods.,thousand tons,2012,115943.3779,19598.9924,13444.97362
Texas,Basic chemicals,thousand tons,2012,89629.15971,18118.9982,11143.44783
Texas,Natural sands,thousand tons,2012,87557.7719,14699.464,8909.993116
Texas,Coal,thousand tons,2012,46877.11199,13638.74962,8814.664107
Texas,Waste/scrap,thousand tons,2012,38640.72719,10873.11014,7987.987721
Utah,Coal,thousand tons,2012,14603.8334,26461.85921,29778.19679
Utah,Coal-n.e.c.,thousand tons,2012,10116.43832,3611.244,4194.0592
Utah,Gasoline,thousand tons,2012,7094.5239,3242.2357,3873.329801
Utah,Nonmetal min. prods.,thousand tons,2012,6780.8871,1923.8399,2943.1789
Utah,Gravel,thousand tons,2012,4882.2882,1465.4254,2924.4973
Utah,Fuel oils,thousand tons,2012,4477.1872,1223.846501,2158.9478
Utah,Waste/scrap,thousand tons,2012,3740.2955,1169.5012,2080.704001
Utah,Mixed freight,thousand tons,2012,2296.727362,1067.4707,1840.146301
Utah,Crude petroleum,thousand tons,2012,2092.7888,933.27963,1679.986101
Utah,Wood prods.,thousand tons,2012,1891.6325,892.7817,1558.6793
Vermont,Gravel,thousand tons,2012,5909.8327,2770.5982,1830.466995
Vermont,Logs,thousand tons,2012,2296.776055,1359.288,1731.851463
Vermont,Other foodstuffs,thousand tons,2012,2051.9028,1008.4665,1606.1864
Vermont,Nonmetallic minerals,thousand tons,2012,1294.5307,886.906313,1062.1765
Vermont,Natural sands,thousand tons,2012,911.1311,744.990801,986.646905
Vermont,Animal feed,thousand tons,2012,888.3877,481.8809,572.916799
Vermont,Gasoline,thousand tons,2012,851.285,418.7648,335.7577
Vermont,Waste/scrap,thousand tons,2012,795.1715,384.992598,289.9213
Vermont,Coal-n.e.c.,thousand tons,2012,775.557424,371.329802,242.0103
Vermont,Fuel oils,thousand tons,2012,771.2443,335.255157,208.587901
Virginia,Gravel,thousand tons,2012,40599.9551,63183.3524,15529.40804
Virginia,Logs,thousand tons,2012,18765.67166,22130.40588,14790.8969
Virginia,Nonmetal min. prods.,thousand tons,2012,18448.21969,20293.0046,4934.536511
Virginia,Waste/scrap,thousand tons,2012,14243.28356,7312.645707,4257.198298
Virginia,Coal,thousand tons,2012,12600.2836,6768.996103,3485.85913
Virginia,Wood prods.,thousand tons,2012,9021.95029,5292.166504,3377.21211
Virginia,Natural sands,thousand tons,2012,7630.6987,4604.85397,2942.4173
Virginia,Other foodstuffs,thousand tons,2012,7104.428501,4581.112154,2432.670225
Virginia,Gasoline,thousand tons,2012,6941.7312,4421.21092,2345.809794
Virginia,Other ag prods.,thousand tons,2012,5391.119861,3601.393857,2199.664
Washington,Gasoline,thousand tons,2012,35051.1784,12597.25331,12466.5005
Washington,Gravel,thousand tons,2012,31405.9122,10657.29542,7204.776374
Washington,Other ag prods.,thousand tons,2012,24571.90274,9524.916733,4655.081522
Washington,Cereal grains,thousand tons,2012,23536.8443,7207.6003,3320.104304
Washington,Logs,thousand tons,2012,22511.29723,6897.0361,3183.106921
Washington,Waste/scrap,thousand tons,2012,14567.00859,5253.724681,3040.8322
Washington,Fuel oils,thousand tons,2012,14212.6203,3833.600121,2728.21573
Washington,Coal-n.e.c.,thousand tons,2012,14059.55693,3405.844103,2297.295407
Washington,Nonmetal min. prods.,thousand tons,2012,13724.49575,2698.876193,2217.284202
Washington,Crude petroleum,thousand tons,2012,13708.1497,2275.699657,2111.023272
Washington DC,Nonmetal min. prods.,thousand tons,2012,1113.6617,555.5301,2291.2969
Washington DC,Alcoholic beverages,thousand tons,2012,157.7083,528.152814,507.2796
Washington DC,Textiles/leather,thousand tons,2012,144.4782,516.3219,246.9732
Washington DC,Machinery,thousand tons,2012,86.2212,427,110.2923
Washington DC,Furniture,thousand tons,2012,76.1237,158.33689,64.2183
Washington DC,Other foodstuffs,thousand tons,2012,75.2491,151.6096,61.4611
Washington DC,Other ag prods.,thousand tons,2012,60.0478,139.3253,47.6021
Washington DC,Wood prods.,thousand tons,2012,55.5019,126.009,42.3278
Washington DC,Plastics/rubber,thousand tons,2012,35.0498,110.0851,38.5027
West Virginia,Coal,thousand tons,2012,27956.2199,17011.45036,132287.851
West Virginia,Coal-n.e.c.,thousand tons,2012,13670.2248,15333.0619,27480.22353
West Virginia,Gravel,thousand tons,2012,10827.3477,5925.4021,15728.544
West Virginia,Logs,thousand tons,2012,7708.6585,5287.8248,3215.5568
West Virginia,Nonmetal min. prods.,thousand tons,2012,3854.4006,2606.2928,2954.5695
West Virginia,Waste/scrap,thousand tons,2012,2244.5935,2170.15917,2645.5203
West Virginia,Wood prods.,thousand tons,2012,1683.4209,2072.050297,2325.615202
West Virginia,Base metals,thousand tons,2012,871.5602,1869.4595,1343.832809
West Virginia,Basic chemicals,thousand tons,2012,776.6449,1859.2494,1073.4531
West Virginia,Natural sands,thousand tons,2012,721.2494,1260.972003,838.6185
Wisconsin,Gravel,thousand tons,2012,49581.9901,25663.4413,10477.09131
Wisconsin,Other foodstuffs,thousand tons,2012,21812.39221,15787.532,7811.909201
Wisconsin,Cereal grains,thousand tons,2012,16022.6875,14653.67901,7276.147124
Wisconsin,Nonmetal min. prods.,thousand tons,2012,14086.1282,9889.029629,5486.295825
Wisconsin,Gasoline,thousand tons,2012,10699.4577,7188.681504,5440.679269
Wisconsin,Logs,thousand tons,2012,9740.614004,6264.631226,4938.690913
Wisconsin,Waste/scrap,thousand tons,2012,7859.1244,5687.2783,4749.444005
Wisconsin,Wood prods.,thousand tons,2012,7823.5669,4422.5029,4650.124119
Wisconsin,Fuel oils,thousand tons,2012,7637.6719,4294.459694,4070.6553
Wisconsin,Other ag prods.,thousand tons,2012,7503.445731,4172.502,4034.74632
Wyoming,Coal-n.e.c.,thousand tons,2012,34060.7264,28811.33557,356238.8696
Wyoming,Coal,thousand tons,2012,26911.8489,6445.8351,61892.75206
Wyoming,Fuel oils,thousand tons,2012,4846.8931,2037.219,18917.6373
Wyoming,Crude petroleum,thousand tons,2012,1954.4901,1580.427,7256.8492
Wyoming,Nonmetal min. prods.,thousand tons,2012,1667.3907,1332.5036,2109.664689
Wyoming,Basic chemicals,thousand tons,2012,1145.5126,1089.9484,1469.3293
Wyoming,Animal feed,thousand tons,2012,1000.9091,915.4182,1417.159501
Wyoming,Other ag prods.,thousand tons,2012,954.438725,802.0653,871.4152
Wyoming,Gasoline,thousand tons,2012,871,663.4583,602.3833
Wyoming,Waste/scrap,thousand tons,2012,742.2542,642.4667,536.4814
Alabama,Coal,thousand tons,2022,74148.56592,101339.6984,80836.59257
Alabama,Logs,thousand tons,2022,34503.46725,9032.219209,13706.41047
Alabama,Gravel,thousand tons,2022,23858.77868,8666.922236,8276.344268
Alabama,Coal-n.e.c.,thousand tons,2022,23659.29799,5804.141203,7415.293575
Alabama,Fuel oils,thousand tons,2022,11954.55712,5741.948544,7407.012202
Alabama,Nonmetal min. prods.,thousand tons,2022,10768.18864,5028.669514,7179.137961
Alabama,Gasoline,thousand tons,2022,10449.46304,4153.432256,7004.447035
Alabama,Natural sands,thousand tons,2022,9833.920624,4115.759835,6592.51087
Alabama,Base metals,thousand tons,2022,9677.623538,3828.878221,6235.420975
Alabama,Waste/scrap,thousand tons,2022,9117.007737,3195.381137,4444.288899
Alaska,Gasoline,thousand tons,2022,7299.865068,627.187212,25852.38453
Alaska,Gravel,thousand tons,2022,4462.748585,593.261926,444.319655
Alaska,Fuel oils,thousand tons,2022,4266.676497,465.231722,92.536667
Alaska,Crude petroleum,thousand tons,2022,4233.95169,244.551773,58.479536
Alaska,Live animals/fish,thousand tons,2022,3681.439554,188.125916,44.552767
Alaska,Metallic ores,thousand tons,2022,3529.281361,107.218446,33.435123
Alaska,Nonmetal min. prods.,thousand tons,2022,1995.853921,98.042961,32.030171
Alaska,Logs,thousand tons,2022,1393.404192,83.04878,27.106282
Alaska,Coal-n.e.c.,thousand tons,2022,858.486472,67.540807,22.352868
Alaska,Waste/scrap,thousand tons,2022,839.450722,66.889939,12.256923
Arizona,Nonmetal min. prods.,thousand tons,2022,25810.27696,34141.81472,21002.0472
Arizona,Gravel,thousand tons,2022,20920.43987,7899.939625,3418.925183
Arizona,Metallic ores,thousand tons,2022,9746.007635,4075.744267,2787.29339
Arizona,Waste/scrap,thousand tons,2022,9551.913744,2734.397129,2014.885521
Arizona,Coal-n.e.c.,thousand tons,2022,9036.977209,2658.847975,1804.876407
Arizona,Coal,thousand tons,2022,8603.355825,2367.564821,1781.826197
Arizona,Other foodstuffs,thousand tons,2022,6881.727867,2208.623869,1494.720198
Arizona,Other ag prods.,thousand tons,2022,6010.693915,2194.809111,1117.423111
Arizona,Mixed freight,thousand tons,2022,5574.558681,2024.673093,938.189578
Arizona,Cereal grains,thousand tons,2022,3836.195603,1951.100444,922.894767
Arkansas,Gravel,thousand tons,2022,24366.3125,27299.19816,34002.09141
Arkansas,Logs,thousand tons,2022,20797.14327,9634.791314,6846.780808
Arkansas,Natural sands,thousand tons,2022,13180.545,5322.276254,5612.717533
Arkansas,Cereal grains,thousand tons,2022,11189.747,4380.020251,3834.436575
Arkansas,Coal-n.e.c.,thousand tons,2022,11187.13165,4114.717304,3351.818243
Arkansas,Other ag prods.,thousand tons,2022,8829.2256,4056.789699,3070.811821
Arkansas,Nonmetal min. prods.,thousand tons,2022,8001.228453,2466.375648,2952.267548
Arkansas,Wood prods.,thousand tons,2022,6549.130796,2325.228451,2867.298959
Arkansas,Motorized vehicles,thousand tons,2022,6525.264286,1912.921745,2681.133089
Arkansas,Waste/scrap,thousand tons,2022,6170.594467,1894.4154,2358.200994
California,Gasoline,thousand tons,2022,109477.4163,52958.67138,24447.87847
California,Nonmetal min. prods.,thousand tons,2022,104122.7171,22740.47506,10167.01693
California,Gravel,thousand tons,2022,100066.653,15586.12256,9263.44126
California,Coal-n.e.c.,thousand tons,2022,92056.22777,11016.08328,7698.316777
California,Crude petroleum,thousand tons,2022,82848.60521,10081.52711,7041.354354
California,Other foodstuffs,thousand tons,2022,75445.22728,9675.596328,6894.509088
California,Waste/scrap,thousand tons,2022,54728.36414,8721.787667,6738.875543
California,Fuel oils,thousand tons,2022,53562.56385,8223.507038,5590.366998
California,Natural sands,thousand tons,2022,49128.70289,7752.311413,5502.255287
California,Other ag prods.,thousand tons,2022,47697.37862,7485.746939,5392.635718
Colorado,Gravel,thousand tons,2022,31678.66999,33668.64299,65537.85489
Colorado,Coal-n.e.c.,thousand tons,2022,27430.49684,5734.882357,24689.4599
Colorado,Cereal grains,thousand tons,2022,20315.53237,4628.659072,7487.168156
Colorado,Nonmetal min. prods.,thousand tons,2022,20151.44195,3425.994763,2888.017976
Colorado,Waste/scrap,thousand tons,2022,11497.07246,3203.18859,2539.880897
Colorado,Coal,thousand tons,2022,6270.048544,2912.275386,2491.819853
Colorado,Other foodstuffs,thousand tons,2022,5784.15514,2903.106144,1966.338422
Colorado,Motorized vehicles,thousand tons,2022,4840.015059,2475.543011,1780.276587
Colorado,Wood prods.,thousand tons,2022,4434.35207,2372.74232,1375.176134
Colorado,Other ag prods.,thousand tons,2022,4396.870678,1831.516005,1293.165377
Connecticut,Gravel,thousand tons,2022,21288.3283,17521.76062,8442.828828
Connecticut,Fuel oils,thousand tons,2022,15314.43316,3789.549044,5762.56181
Connecticut,Gasoline,thousand tons,2022,9439.048247,3251.878077,4484.928593
Connecticut,Coal-n.e.c.,thousand tons,2022,9075.630588,2778.580724,2587.487666
Connecticut,Nonmetal min. prods.,thousand tons,2022,7542.835758,2742.375589,1880.076918
Connecticut,Waste/scrap,thousand tons,2022,4768.808695,2115.126894,1869.929873
Connecticut,Natural sands,thousand tons,2022,3814.537123,1109.497353,1487.143202
Connecticut,Other foodstuffs,thousand tons,2022,2646.603812,1086.06342,1395.33048
Connecticut,Mixed freight,thousand tons,2022,1317.486,1061.23691,1303.257116
Connecticut,Base metals,thousand tons,2022,1146.644925,1036.333815,1285.763181
Delaware,Other ag prods.,thousand tons,2022,5099.986677,3218.488468,2730.49413
Delaware,Crude petroleum,thousand tons,2022,3891.547544,2468.029445,2442.021233
Delaware,Coal-n.e.c.,thousand tons,2022,2661.04638,2352.455662,2242.3571
Delaware,Gasoline,thousand tons,2022,2431.666196,2202.547308,1873.435998
Delaware,Gravel,thousand tons,2022,2009.108543,1376.056145,1633.013354
Delaware,Nonmetal min. prods.,thousand tons,2022,1607.79775,1123.624835,1368.273765
Delaware,Natural sands,thousand tons,2022,1478.810777,1052.216334,1130.257854
Delaware,Fuel oils,thousand tons,2022,1395.373232,971.178518,912.935118
Delaware,Animal feed,thousand tons,2022,1308.279714,925.077518,874.001686
Delaware,Waste/scrap,thousand tons,2022,1228.972424,702.685033,866.654837
Florida,Gravel,thousand tons,2022,118506.935,35343.08577,7046.805429
Florida,Nonmetal min. prods.,thousand tons,2022,81872.24369,13457.10364,6594.498815
Florida,Natural sands,thousand tons,2022,65385.04809,9629.012162,4347.062009
Florida,Coal-n.e.c.,thousand tons,2022,40395.71764,7950.032692,4188.310433
Florida,Gasoline,thousand tons,2022,39765.11339,7894.500419,3873.888767
Florida,Waste/scrap,thousand tons,2022,37581.33275,7357.651298,3435.08201
Florida,Other ag prods.,thousand tons,2022,34759.9308,6326.598907,3159.591331
Florida,Other foodstuffs,thousand tons,2022,25834.34148,5808.63409,3127.826321
Florida,Mixed freight,thousand tons,2022,22092.42168,5766.899181,3125.001889
Florida,Fertilizers,thousand tons,2022,21909.60811,5707.860649,2970.338117
Georgia,Logs,thousand tons,2022,41056.25768,34635.12605,18673.47392
Georgia,Gravel,thousand tons,2022,30827.86776,12759.17675,8839.77407
Georgia,Nonmetal min. prods.,thousand tons,2022,29464.58923,12336.45266,7981.612506
Georgia,Coal-n.e.c.,thousand tons,2022,28422.13075,10146.45427,7337.57751
Georgia,Gasoline,thousand tons,2022,23086.46641,7770.853465,6978.960968
Georgia,Waste/scrap,thousand tons,2022,20172.55932,7370.644884,6962.356878
Georgia,Wood prods.,thousand tons,2022,14436.97003,6872.221185,6642.981069
Georgia,Other foodstuffs,thousand tons,2022,11521.63602,6831.903268,5900.251669
Georgia,Natural sands,thousand tons,2022,11213.0926,6377.623499,5470.949649
Georgia,Other ag prods.,thousand tons,2022,10530.47086,6226.55102,5366.525749
Hawaii,Gasoline,thousand tons,2022,15215.01764,635.206151,1103.731123
Hawaii,Nonmetal min. prods.,thousand tons,2022,5339.003928,547.489376,535.073163
Hawaii,Waste/scrap,thousand tons,2022,4005.852593,332.374613,350.212726
Hawaii,Crude petroleum,thousand tons,2022,3471.098315,259.26134,98.727182
Hawaii,Gravel,thousand tons,2022,3319.616938,184.298572,43.274281
Hawaii,Fuel oils,thousand tons,2022,3039.81856,149.892564,36.004376
Hawaii,Other foodstuffs,thousand tons,2022,1052.473883,141.773964,26.095321
Hawaii,Other ag prods.,thousand tons,2022,887.22787,134.135468,19.94527
Hawaii,Nonmetallic minerals,thousand tons,2022,815.396228,97.78485,19.623579
Hawaii,Natural sands,thousand tons,2022,769.169112,91.610565,17.082737
Idaho,Coal-n.e.c.,thousand tons,2022,24293.63247,2949.388101,30939.80864
Idaho,Other ag prods.,thousand tons,2022,13128.325,2894.978058,6624.382158
Idaho,Cereal grains,thousand tons,2022,9818.508466,2584.167146,4830.378305
Idaho,Other foodstuffs,thousand tons,2022,9195.618534,2382.901041,4762.715077
Idaho,Logs,thousand tons,2022,8263.067222,1975.44349,4720.486317
Idaho,Nonmetallic minerals,thousand tons,2022,7887.874738,1910.644536,1905.61376
Idaho,Gravel,thousand tons,2022,7409.54547,1682.34313,1904.044568
Idaho,Animal feed,thousand tons,2022,6271.52156,949.555834,1231.14151
Idaho,Nonmetal min. prods.,thousand tons,2022,3316.982586,919.405162,741.186518
Idaho,Fertilizers,thousand tons,2022,3086.184603,731.247876,651.682974
Illinois,Cereal grains,thousand tons,2022,103815.0309,70010.32495,56695.47802
Illinois,Gasoline,thousand tons,2022,63414.97508,66344.59582,39276.62997
Illinois,Gravel,thousand tons,2022,47612.73374,19532.49323,28848.63563
Illinois,Coal-n.e.c.,thousand tons,2022,43480.73629,17132.49817,26155.82739
Illinois,Fuel oils,thousand tons,2022,41973.86945,16591.01299,20466.1732
Illinois,Nonmetal min. prods.,thousand tons,2022,38510.5966,15912.05346,19658.51876
Illinois,Other ag prods.,thousand tons,2022,34455.05551,12210.40176,17579.23829
Illinois,Animal feed,thousand tons,2022,18381.25148,10606.84323,15607.43557
Illinois,Waste/scrap,thousand tons,2022,15528.24223,10262.57575,15254.71702
Illinois,Other foodstuffs,thousand tons,2022,14337.77355,10201.14373,13795.54087
Indiana,Gravel,thousand tons,2022,68294.55718,68084.59796,51201.20712
Indiana,Cereal grains,thousand tons,2022,34758.65365,32807.28021,28916.82987
Indiana,Coal-n.e.c.,thousand tons,2022,25703.609,19335.64272,21090.92696
Indiana,Waste/scrap,thousand tons,2022,18081.83527,17649.78699,17177.2634
Indiana,Coal,thousand tons,2022,16964.62901,16621.49434,12940.96122
Indiana,Nonmetal min. prods.,thousand tons,2022,16406.43999,15421.69832,12699.49022
Indiana,Base metals,thousand tons,2022,15240.25491,12034.83487,12321.56731
Indiana,Gasoline,thousand tons,2022,14856.47496,10738.02264,10823.56048
Indiana,Other ag prods.,thousand tons,2022,14741.82834,7939.222184,10295.36315
Indiana,Motorized vehicles,thousand tons,2022,10736.10993,7630.77217,8553.840797
Iowa,Cereal grains,thousand tons,2022,122660.5697,56592.38628,42141.02487
Iowa,Gravel,thousand tons,2022,51057.21912,10267.2792,25298.08129
Iowa,Animal feed,thousand tons,2022,37279.18209,8072.712714,22618.66459
Iowa,Other ag prods.,thousand tons,2022,21387.36882,6309.481897,18558.85976
Iowa,Nonmetal min. prods.,thousand tons,2022,14305.70344,5562.396595,12658.63009
Iowa,Coal-n.e.c.,thousand tons,2022,12355.48206,4519.110615,11807.35135
Iowa,Fertilizers,thousand tons,2022,11277.21025,4121.233993,8204.676012
Iowa,Other foodstuffs,thousand tons,2022,10338.31281,4069.910309,4668.489355
Iowa,Live animals/fish,thousand tons,2022,9376.7822,4043.326688,4363.368648
Iowa,Waste/scrap,thousand tons,2022,4327.167938,3826.32078,4025.543659
Kansas,Cereal grains,thousand tons,2022,71923.56886,42277.23529,47164.54642
Kansas,Gravel,thousand tons,2022,25340.85066,17815.87903,22607.39261
Kansas,Fuel oils,thousand tons,2022,20270.53286,6758.86681,6912.427191
Kansas,Gasoline,thousand tons,2022,18997.35521,4230.302808,4621.883826
Kansas,Nonmetal min. prods.,thousand tons,2022,16918.38383,3968.663089,3930.335757
Kansas,Coal-n.e.c.,thousand tons,2022,14075.07418,3578.492477,3762.147221
Kansas,Other ag prods.,thousand tons,2022,12318.49538,3286.033316,3307.746496
Kansas,Natural sands,thousand tons,2022,8753.607404,2697.831736,3147.517373
Kansas,Fertilizers,thousand tons,2022,6626.454764,2660.43225,2910.169948
Kansas,Animal feed,thousand tons,2022,6308.476378,2560.332397,2659.305596
Kentucky,Gravel,thousand tons,2022,37412.88794,47241.20687,44843.54809
Kentucky,Gasoline,thousand tons,2022,13141.82684,20047.53981,24624.17474
Kentucky,Coal,thousand tons,2022,11262.78801,9403.123042,10651.49624
Kentucky,Coal-n.e.c.,thousand tons,2022,8979.692391,8050.161692,6821.702241
Kentucky,Cereal grains,thousand tons,2022,8803.903998,6462.130879,6814.304965
Kentucky,Waste/scrap,thousand tons,2022,8444.605739,5870.784186,4673.825847
Kentucky,Motorized vehicles,thousand tons,2022,7883.055489,4861.205271,4029.310155
Kentucky,Fuel oils,thousand tons,2022,7653.49232,4598.945164,3924.804346
Kentucky,Nonmetal min. prods.,thousand tons,2022,6867.758375,4236.92496,3682.319532
Kentucky,Logs,thousand tons,2022,6476.218337,4069.592989,3289.150356
Louisiana,Fuel oils,thousand tons,2022,101307.2902,131537.4969,104463.8098
Louisiana,Coal-n.e.c.,thousand tons,2022,76105.32298,79570.21909,42150.17161
Louisiana,Gasoline,thousand tons,2022,69485.50389,44829.04402,40633.711
Louisiana,Crude petroleum,thousand tons,2022,61589.07007,37560.11428,36940.72766
Louisiana,Other ag prods.,thousand tons,2022,46065.55953,18650.41874,17445.3238
Louisiana,Basic chemicals,thousand tons,2022,35635.53651,11652.04157,10367.16395
Louisiana,Cereal grains,thousand tons,2022,26520.14532,10131.49121,8533.145983
Louisiana,Gravel,thousand tons,2022,24982.7332,7214.522907,7708.61816
Louisiana,Nonmetal min. prods.,thousand tons,2022,23577.87231,6013.690896,7372.718267
Louisiana,Logs,thousand tons,2022,22192.63627,5578.280742,6572.060147
Maine,Logs,thousand tons,2022,16958.14396,3798.006112,6929.422139
Maine,Fuel oils,thousand tons,2022,4667.61397,1068.954109,2847.808532
Maine,Gravel,thousand tons,2022,4287.147778,1008.797546,2613.594961
Maine,Gasoline,thousand tons,2022,4186.665711,891.929774,1977.574132
Maine,Nonmetal min. prods.,thousand tons,2022,4105.198775,700.80897,1710.067363
Maine,Coal-n.e.c.,thousand tons,2022,3915.372212,564.317251,1571.463729
Maine,Wood prods.,thousand tons,2022,2355.605479,520.438555,1507.121616
Maine,Basic chemicals,thousand tons,2022,2058.937416,420.334136,1035.676909
Maine,Waste/scrap,thousand tons,2022,1999.826278,405.718,503.925823
Maine,Other foodstuffs,thousand tons,2022,1652.653854,391.181685,489.940228
Maryland,Gravel,thousand tons,2022,35082.83981,17275.19369,13516.82252
Maryland,Nonmetal min. prods.,thousand tons,2022,15814.49467,13844.61136,6918.780714
Maryland,Coal-n.e.c.,thousand tons,2022,9741.852394,4213.087462,6693.728733
Maryland,Waste/scrap,thousand tons,2022,9107.262496,4189.718622,5865.13737
Maryland,Gasoline,thousand tons,2022,7557.290254,4180.21232,5509.481494
Maryland,Natural sands,thousand tons,2022,7328.318674,4162.436251,2854.237842
Maryland,Other foodstuffs,thousand tons,2022,5228.738636,3988.656032,2852.597114
Maryland,Mixed freight,thousand tons,2022,4291.893734,3718.547909,2434.37747
Maryland,Wood prods.,thousand tons,2022,3537.941126,2597.77995,2046.907173
Maryland,Other ag prods.,thousand tons,2022,3363.052286,2456.360798,1994.177138
Massachusetts,Gravel,thousand tons,2022,26158.98754,13356.47329,17034.77498
Massachusetts,Coal-n.e.c.,thousand tons,2022,24196.67431,5901.598683,8028.707293
Massachusetts,Gasoline,thousand tons,2022,15613.04104,4809.092881,5252.097856
Massachusetts,Nonmetal min. prods.,thousand tons,2022,15557.74148,4374.836134,4683.285433
Massachusetts,Fuel oils,thousand tons,2022,10982.54607,2862.294473,3534.932169
Massachusetts,Waste/scrap,thousand tons,2022,8078.129058,2739.83122,2425.65947
Massachusetts,Natural sands,thousand tons,2022,4707.888247,2714.459921,1696.81823
Massachusetts,Mixed freight,thousand tons,2022,4359.136774,2440.381263,1590.31807
Massachusetts,Other foodstuffs,thousand tons,2022,3559.014956,2007.162228,1458.513516
Massachusetts,Wood prods.,thousand tons,2022,2110.40458,2006.747202,1308.597966
Michigan,Gravel,thousand tons,2022,73752.44185,55845.0975,17043.38901
Michigan,Natural sands,thousand tons,2022,50406.50376,41463.34927,16147.40747
Michigan,Gasoline,thousand tons,2022,28540.04537,14697.80418,14131.52627
Michigan,Nonmetal min. prods.,thousand tons,2022,26726.20204,14504.35016,11597.10506
Michigan,Coal-n.e.c.,thousand tons,2022,25550.2859,10466.91361,8866.830497
Michigan,Waste/scrap,thousand tons,2022,18986.42436,10115.45816,8783.688561
Michigan,Metallic ores,thousand tons,2022,18194.46951,9905.528306,8619.610439
Michigan,Motorized vehicles,thousand tons,2022,16983.75732,8078.982766,8043.293492
Michigan,Logs,thousand tons,2022,16768.16099,6396.77362,7580.777917
Michigan,Other ag prods.,thousand tons,2022,12574.62419,6323.390704,7400.860803
Minnesota,Cereal grains,thousand tons,2022,76102.96987,51099.84602,48008.33763
Minnesota,Gravel,thousand tons,2022,52147.4046,33540.24436,28963.99281
Minnesota,Other ag prods.,thousand tons,2022,36189.7257,17383.99604,24870.9084
Minnesota,Coal-n.e.c.,thousand tons,2022,33389.95076,15223.72218,10021.78639
Minnesota,Nonmetal min. prods.,thousand tons,2022,21353.64485,8983.396959,9447.512895
Minnesota,Gasoline,thousand tons,2022,20691.38159,7974.511504,7581.955546
Minnesota,Animal feed,thousand tons,2022,13963.7908,7203.757093,7130.491987
Minnesota,Metallic ores,thousand tons,2022,12136.29228,5466.985146,6920.495314
Minnesota,Nonmetallic minerals,thousand tons,2022,11940.92346,4833.972255,6496.683829
Minnesota,Other foodstuffs,thousand tons,2022,11675.41182,4448.419932,6252.797866
Mississippi,Logs,thousand tons,2022,27268.58602,114484.6658,108020.2849
Mississippi,Coal-n.e.c.,thousand tons,2022,25416.59689,8957.43597,7388.937093
Mississippi,Gasoline,thousand tons,2022,6101.045345,7000.097356,6032.638078
Mississippi,Nonmetal min. prods.,thousand tons,2022,5993.157532,6905.888694,5353.200699
Mississippi,Fuel oils,thousand tons,2022,5901.070425,6077.030213,5260.315644
Mississippi,Gravel,thousand tons,2022,5673.067502,5835.639776,4256.849142
Mississippi,Other ag prods.,thousand tons,2022,4634.349925,5762.736013,2930.33984
Mississippi,Animal feed,thousand tons,2022,4576.874252,3505.685048,2909.735855
Mississippi,Wood prods.,thousand tons,2022,4526.629924,3491.071763,2282.985197
Mississippi,Waste/scrap,thousand tons,2022,3543.339251,2813.587039,2280.205902
Missouri,Gravel,thousand tons,2022,51081.94733,38049.34706,21598.25456
Missouri,Cereal grains,thousand tons,2022,25846.58034,18869.88751,13905.84008
Missouri,Nonmetal min. prods.,thousand tons,2022,20310.02123,8212.805935,10161.55034
Missouri,Natural sands,thousand tons,2022,14774.0442,6048.362488,9814.82988
Missouri,Other ag prods.,thousand tons,2022,10154.18071,4925.976589,7432.794915
Missouri,Coal-n.e.c.,thousand tons,2022,10056.26272,4825.768504,6003.72503
Missouri,Animal feed,thousand tons,2022,8069.568818,4786.594499,5938.219953
Missouri,Logs,thousand tons,2022,7979.474235,4658.667893,5187.799554
Missouri,Mixed freight,thousand tons,2022,6854.468596,4503.220973,4188.121301
Missouri,Fuel oils,thousand tons,2022,6513.616025,4376.447204,4169.415332
Montana,Coal-n.e.c.,thousand tons,2022,20266.7989,6474.87818,22062.50371
Montana,Crude petroleum,thousand tons,2022,10315.76906,1971.626839,16240.52189
Montana,Gravel,thousand tons,2022,7707.638796,1650.604313,11949.3358
Montana,Gasoline,thousand tons,2022,7499.196321,1634.432562,7572.974273
Montana,Coal,thousand tons,2022,5923.065866,1453.696149,2724.310567
Montana,Cereal grains,thousand tons,2022,4124.871943,1192.631569,2524.375603
Montana,Logs,thousand tons,2022,3983.091949,1011.208899,2433.846555
Montana,Nonmetal min. prods.,thousand tons,2022,3463.946824,838.331156,1996.229728
Montana,Fuel oils,thousand tons,2022,3302.54263,733.783171,1114.332197
Montana,Waste/scrap,thousand tons,2022,2161.331254,698.442605,604.284618
Nebraska,Cereal grains,thousand tons,2022,89947.5478,54411.685,55600.98157
Nebraska,Animal feed,thousand tons,2022,27649.68142,12253.25749,17721.14803
Nebraska,Other ag prods.,thousand tons,2022,15506.22426,4472.410989,9079.932776
Nebraska,Natural sands,thousand tons,2022,13308.54936,4432.686479,6815.587428
Nebraska,Gravel,thousand tons,2022,12973.76015,3813.073967,4911.261186
Nebraska,Nonmetal min. prods.,thousand tons,2022,12609.52795,3018.397477,4310.782137
Nebraska,Other foodstuffs,thousand tons,2022,8861.496464,2974.847619,3083.844747
Nebraska,Fertilizers,thousand tons,2022,7495.701237,2793.17558,2996.070011
Nebraska,Live animals/fish,thousand tons,2022,3979.51383,2098.926658,2000.853267
Nebraska,Coal-n.e.c.,thousand tons,2022,3908.413712,2088.891133,1891.897198
Nevada,Gravel,thousand tons,2022,18580.66318,27332.03197,14647.3064
Nevada,Nonmetal min. prods.,thousand tons,2022,12520.98737,3084.738343,3974.539057
Nevada,Coal-n.e.c.,thousand tons,2022,7249.945646,2812.142085,3415.71925
Nevada,Natural sands,thousand tons,2022,6153.81897,2574.056351,3321.585416
Nevada,Waste/scrap,thousand tons,2022,6105.478514,1306.009342,942.208528
Nevada,Fuel oils,thousand tons,2022,2066.863491,1245.61481,527.738363
Nevada,Nonmetallic minerals,thousand tons,2022,1634.033648,1137.608283,493.560855
Nevada,Other foodstuffs,thousand tons,2022,1352.522403,1090.658064,491.386728
Nevada,Wood prods.,thousand tons,2022,864.519305,1067.068628,405.210041
Nevada,Alcoholic beverages,thousand tons,2022,851.632302,1020.971133,372.515485
New Hampshire,Fuel oils,thousand tons,2022,6734.746984,15415.0699,3004.551901
New Hampshire,Gravel,thousand tons,2022,6537.408875,4343.99626,2337.67391
New Hampshire,Natural sands,thousand tons,2022,6510.33561,2958.208435,1314.671623
New Hampshire,Coal-n.e.c.,thousand tons,2022,6114.155066,2348.88931,1119.277182
New Hampshire,Nonmetal min. prods.,thousand tons,2022,3589.950885,1247.62056,970.159041
New Hampshire,Logs,thousand tons,2022,3238.804184,1111.318113,872.065892
New Hampshire,Nonmetallic minerals,thousand tons,2022,1707.733045,1069.611629,654.270641
New Hampshire,Waste/scrap,thousand tons,2022,1608.778852,997.740001,630.923723
New Hampshire,Other foodstuffs,thousand tons,2022,944.353696,754.505555,602.02419
New Hampshire,Wood prods.,thousand tons,2022,857.833057,586.848452,486.646176
New Jersey,Coal-n.e.c.,thousand tons,2022,37498.24502,39757.54058,30953.49219
New Jersey,Gravel,thousand tons,2022,32922.9438,11377.82789,11420.86325
New Jersey,Gasoline,thousand tons,2022,31094.20611,10201.43782,9512.951886
New Jersey,Waste/scrap,thousand tons,2022,19059.3062,9184.95248,9083.53039
New Jersey,Nonmetal min. prods.,thousand tons,2022,17340.28714,7885.282747,7744.666655
New Jersey,Fuel oils,thousand tons,2022,16136.13809,7429.205714,7456.609528
New Jersey,Other foodstuffs,thousand tons,2022,13157.56124,7330.600193,6025.914849
New Jersey,Natural sands,thousand tons,2022,12921.18218,5669.201059,4652.524029
New Jersey,Crude petroleum,thousand tons,2022,8772.615102,5637.483711,4250.72496
New Jersey,Wood prods.,thousand tons,2022,4724.956397,5105.475374,3951.679948
New Mexico,Coal-n.e.c.,thousand tons,2022,9936.518761,12981.06004,38705.76457
New Mexico,Gravel,thousand tons,2022,9629.1084,7309.238859,26814.24163
New Mexico,Coal,thousand tons,2022,9309.439079,2385.392168,5406.664012
New Mexico,Nonmetal min. prods.,thousand tons,2022,4536.204083,2255.045316,2398.043482
New Mexico,Fuel oils,thousand tons,2022,4060.42137,1989.397266,1728.170312
New Mexico,Other foodstuffs,thousand tons,2022,3768.972894,1573.323536,1180.016756
New Mexico,Waste/scrap,thousand tons,2022,2547.429771,1496.477901,1105.691239
New Mexico,Mixed freight,thousand tons,2022,1969.812466,1467.907011,1105.586497
New Mexico,Gasoline,thousand tons,2022,1638.693,1126.508083,658.629689
New Mexico,Animal feed,thousand tons,2022,1165.313707,1075.650215,563.099227
New York,Gravel,thousand tons,2022,68340.81063,73629.4936,31665.88433
New York,Coal-n.e.c.,thousand tons,2022,55884.89839,16659.46957,16928.01683
New York,Nonmetal min. prods.,thousand tons,2022,49264.6532,13406.59792,7427.77698
New York,Waste/scrap,thousand tons,2022,26757.65865,8288.056725,6254.638705
New York,Nonmetallic minerals,thousand tons,2022,25184.29282,7339.426582,6097.495658
New York,Other foodstuffs,thousand tons,2022,21318.85483,7003.212756,5970.009556
New York,Fuel oils,thousand tons,2022,20912.65787,6868.483506,5850.135516
New York,Gasoline,thousand tons,2022,19372.57102,4886.477551,5699.308474
New York,Natural sands,thousand tons,2022,17049.60547,4817.155737,5504.214445
New York,Mixed freight,thousand tons,2022,13416.95229,4539.833986,5006.585566
North Carolina,Gravel,thousand tons,2022,51635.85608,15147.38835,10051.15967
North Carolina,Nonmetal min. prods.,thousand tons,2022,23206.71081,11806.56513,6367.25306
North Carolina,Logs,thousand tons,2022,22416.41295,8477.07234,5738.062261
North Carolina,Wood prods.,thousand tons,2022,19602.55907,7487.538498,4654.074045
North Carolina,Coal-n.e.c.,thousand tons,2022,18934.01996,7104.228061,4566.078438
North Carolina,Gasoline,thousand tons,2022,14859.97626,6597.373025,4307.509965
North Carolina,Waste/scrap,thousand tons,2022,14158.57637,6306.861249,4068.342632
North Carolina,Natural sands,thousand tons,2022,11014.07948,6057.231096,4002.670131
North Carolina,Animal feed,thousand tons,2022,10871.99487,5559.438018,3980.307427
North Carolina,Other ag prods.,thousand tons,2022,10271.42572,4883.881914,3494.435854
North Dakota,Coal,thousand tons,2022,37155.05114,14478.25483,220469.6817
North Dakota,Cereal grains,thousand tons,2022,31610.43744,10243.41362,48616.94519
North Dakota,Coal-n.e.c.,thousand tons,2022,20255.90995,8811.601538,14876.1161
North Dakota,Other ag prods.,thousand tons,2022,19641.05008,8009.072677,10816.56405
North Dakota,Gravel,thousand tons,2022,6035.916888,3232.482685,10474.92414
North Dakota,Nonmetal min. prods.,thousand tons,2022,5718.320414,2077.811204,6771.931451
North Dakota,Gasoline,thousand tons,2022,5231.085483,1901.801235,5255.522901
North Dakota,Crude petroleum,thousand tons,2022,5187.409527,1787.702383,4639.935651
North Dakota,Fuel oils,thousand tons,2022,3942.084481,1697.236856,2425.824633
North Dakota,Basic chemicals,thousand tons,2022,2226.26262,1437.068425,2312.646326
Ohio,Gravel,thousand tons,2022,77939.60017,55098.80797,76134.68104
Ohio,Gasoline,thousand tons,2022,43548.67009,22748.77468,20830.70547
Ohio,Nonmetallic minerals,thousand tons,2022,32345.84939,22582.07894,13267.45679
Ohio,Coal-n.e.c.,thousand tons,2022,31485.96571,22518.89326,12362.49638
Ohio,Nonmetal min. prods.,thousand tons,2022,29011.65577,12788.35453,10966.65291
Ohio,Cereal grains,thousand tons,2022,28361.21341,11630.63335,10850.02513
Ohio,Waste/scrap,thousand tons,2022,21093.97602,10852.07011,9546.224662
Ohio,Other ag prods.,thousand tons,2022,16998.02028,10245.05547,8382.126398
Ohio,Fuel oils,thousand tons,2022,14830.43526,9316.418146,8215.856279
Ohio,Other foodstuffs,thousand tons,2022,14747.88297,9301.081622,7595.175779
Oklahoma,Coal-n.e.c.,thousand tons,2022,33073.5365,29625.5926,56764.57402
Oklahoma,Gravel,thousand tons,2022,29350.60111,23197.85603,20813.01251
Oklahoma,Nonmetal min. prods.,thousand tons,2022,13083.50911,11812.95392,8160.209734
Oklahoma,Fuel oils,thousand tons,2022,11997.16853,9078.079921,5022.055599
Oklahoma,Gasoline,thousand tons,2022,11345.1871,6018.057729,5018.378877
Oklahoma,Natural sands,thousand tons,2022,9100.882248,4820.912923,5004.124883
Oklahoma,Waste/scrap,thousand tons,2022,7069.172504,4572.178139,4214.663684
Oklahoma,Cereal grains,thousand tons,2022,4413.879722,3446.690526,2867.176225
Oklahoma,Mixed freight,thousand tons,2022,4130.654636,3109.621821,2506.483623
Oklahoma,Nonmetallic minerals,thousand tons,2022,2939.700117,2808.446232,2410.312183
Oregon,Logs,thousand tons,2022,38803.41036,25371.23709,18790.88127
Oregon,Gravel,thousand tons,2022,37850.7526,7802.950024,13534.99742
Oregon,Wood prods.,thousand tons,2022,12482.76491,5600.617698,3907.050691
Oregon,Nonmetal min. prods.,thousand tons,2022,11786.2988,4537.438734,3758.627613
Oregon,Coal-n.e.c.,thousand tons,2022,8423.730596,4421.339625,3686.511845
Oregon,Cereal grains,thousand tons,2022,7272.393309,3263.61405,2858.62485
Oregon,Fertilizers,thousand tons,2022,6096.384995,3068.599777,2747.073593
Oregon,Gasoline,thousand tons,2022,6074.030604,2443.711216,2124.794205
Oregon,Other ag prods.,thousand tons,2022,4833.560456,2352.138733,1910.022509
Oregon,Waste/scrap,thousand tons,2022,4757.252593,2276.053654,1424.433302
Pennsylvania,Gravel,thousand tons,2022,76322.31338,22489.91603,101762.1514
Pennsylvania,Coal-n.e.c.,thousand tons,2022,40728.68429,19633.94298,22621.27465
Pennsylvania,Nonmetal min. prods.,thousand tons,2022,27737.20521,13456.85518,18442.43123
Pennsylvania,Coal,thousand tons,2022,24759.51127,10424.98018,15724.16161
Pennsylvania,Waste/scrap,thousand tons,2022,23025.77371,10411.2135,14427.11154
Pennsylvania,Crude petroleum,thousand tons,2022,19709.52303,9898.234267,12107.69104
Pennsylvania,Other foodstuffs,thousand tons,2022,18901.67249,9518.119889,8631.332914
Pennsylvania,Fuel oils,thousand tons,2022,17999.79151,8539.594817,6716.738317
Pennsylvania,Gasoline,thousand tons,2022,17942.35285,8150.634426,6616.054713
Pennsylvania,Nonmetallic minerals,thousand tons,2022,14819.05916,7002.690591,6320.220581
Rhode Island,Gravel,thousand tons,2022,4704.7534,6395.397527,4442.456843
Rhode Island,Coal-n.e.c.,thousand tons,2022,3069.08186,1076.901549,2892.960253
Rhode Island,Gasoline,thousand tons,2022,3038.581449,786.894793,1871.363281
Rhode Island,Nonmetal min. prods.,thousand tons,2022,2405.072778,767.766577,1025.84529
Rhode Island,Waste/scrap,thousand tons,2022,2172.241125,603.40185,948.933785
Rhode Island,Fuel oils,thousand tons,2022,822.21368,586.678417,828.363266
Rhode Island,Natural sands,thousand tons,2022,702.02051,562.24186,577.329956
Rhode Island,Other foodstuffs,thousand tons,2022,660.370413,348.620974,511.643002
Rhode Island,Motorized vehicles,thousand tons,2022,575.24065,290.580631,510.779705
Rhode Island,Nonmetallic minerals,thousand tons,2022,373.713487,273.513252,422.49327
South Carolina,Gravel,thousand tons,2022,30562.23797,16219.66148,10090.59601
South Carolina,Logs,thousand tons,2022,22380.89938,7441.1614,8615.786559
South Carolina,Nonmetal min. prods.,thousand tons,2022,15143.37694,5648.081063,7071.230928
South Carolina,Waste/scrap,thousand tons,2022,12517.30257,4191.614924,7025.315109
South Carolina,Natural sands,thousand tons,2022,11166.79802,4133.693565,7008.650174
South Carolina,Coal-n.e.c.,thousand tons,2022,9336.577359,3894.236459,3964.366615
South Carolina,Mixed freight,thousand tons,2022,6718.076061,3561.403737,3591.869236
South Carolina,Wood prods.,thousand tons,2022,5609.985666,3505.372915,2646.945032
South Carolina,Plastics/rubber,thousand tons,2022,4007.230569,3224.845464,2494.932062
South Carolina,Gasoline,thousand tons,2022,3707.363132,3193.878691,2432.791546
South Dakota,Cereal grains,thousand tons,2022,32811.3123,21782.84818,20802.11204
South Dakota,Other ag prods.,thousand tons,2022,10775.15458,2970.372466,17592.84838
South Dakota,Animal feed,thousand tons,2022,10512.8445,1960.666806,7140.943389
South Dakota,Nonmetal min. prods.,thousand tons,2022,7910.94539,1577.639101,4128.59535
South Dakota,Gravel,thousand tons,2022,5667.526109,1510.889421,3341.281065
South Dakota,Coal-n.e.c.,thousand tons,2022,2223.778802,1303.093982,1560.131469
South Dakota,Other foodstuffs,thousand tons,2022,2212.784122,1211.3583,1473.939135
South Dakota,Fuel oils,thousand tons,2022,2099.4451,1196.410973,1128.37352
South Dakota,Natural sands,thousand tons,2022,1558.7068,1027.604483,508.737535
South Dakota,Nonmetallic minerals,thousand tons,2022,1515.0361,1023.093606,463.722139
Tennessee,Gravel,thousand tons,2022,67167.70479,47211.4378,45079.16505
Tennessee,Gasoline,thousand tons,2022,21171.46716,8567.803196,7756.573947
Tennessee,Nonmetal min. prods.,thousand tons,2022,17975.61672,8002.917587,7420.048198
Tennessee,Coal-n.e.c.,thousand tons,2022,14536.00517,7771.723721,7396.977045
Tennessee,Waste/scrap,thousand tons,2022,9258.886606,6811.848405,7025.68819
Tennessee,Natural sands,thousand tons,2022,9025.434209,6289.736307,6915.452588
Tennessee,Fuel oils,thousand tons,2022,8570.618701,6043.573763,5546.586412
Tennessee,Logs,thousand tons,2022,8215.735855,6001.669076,5275.124087
Tennessee,Basic chemicals,thousand tons,2022,5543.90206,5688.484904,5238.881085
Tennessee,Wood prods.,thousand tons,2022,5538.207372,4215.50298,4916.055729
Texas,Gasoline,thousand tons,2022,402037.4005,96962.59436,144830.0389
Texas,Fuel oils,thousand tons,2022,351835.4951,69353.98324,83142.31629
Texas,Coal-n.e.c.,thousand tons,2022,324435.1733,39602.61319,35834.65973
Texas,Crude petroleum,thousand tons,2022,266785.5116,36666.72171,35264.3972
Texas,Gravel,thousand tons,2022,156611.9632,31170.78601,30594.37674
Texas,Nonmetal min. prods.,thousand tons,2022,154892.7177,28899.40458,29990.24167
Texas,Basic chemicals,thousand tons,2022,133049.1336,20943.55632,13497.58184
Texas,Natural sands,thousand tons,2022,72969.58571,19736.53426,10934.54366
Texas,Plastics/rubber,thousand tons,2022,53587.61631,18967.44842,9895.461272
Texas,Waste/scrap,thousand tons,2022,50819.10405,17830.48037,8797.543299
Utah,Nonmetal min. prods.,thousand tons,2022,17366.39312,26474.32155,31622.27018
Utah,Gravel,thousand tons,2022,14262.87522,6699.31464,6761.121699
Utah,Coal-n.e.c.,thousand tons,2022,13828.64141,4642.266554,6194.730837
Utah,Gasoline,thousand tons,2022,10179.2509,3305.923975,5544.05557
Utah,Coal,thousand tons,2022,10169.39969,2518.365336,4726.663042
Utah,Fuel oils,thousand tons,2022,6840.00812,1845.656573,2112.747459
Utah,Waste/scrap,thousand tons,2022,4729.629869,1705.950232,2005.0382
Utah,Mixed freight,thousand tons,2022,4263.606546,1631.169551,1520.03325
Utah,Natural sands,thousand tons,2022,2966.403232,1454.033033,1489.573199
Utah,Wood prods.,thousand tons,2022,2627.281638,1443.166695,1482.95889
Vermont,Logs,thousand tons,2022,3136.214674,873.588652,4151.907656
Vermont,Gravel,thousand tons,2022,1984.460859,836.726907,3182.761452
Vermont,Coal-n.e.c.,thousand tons,2022,1851.939338,705.315683,1490.839627
Vermont,Nonmetallic minerals,thousand tons,2022,1363.697841,695.984282,1126.439472
Vermont,Other foodstuffs,thousand tons,2022,910.777241,617.465137,1102.158354
Vermont,Fuel oils,thousand tons,2022,778.1429,585.159985,407.438185
Vermont,Animal feed,thousand tons,2022,714.494812,542.743307,313.526894
Vermont,Gasoline,thousand tons,2022,562.474573,459.653467,286.688536
Vermont,Waste/scrap,thousand tons,2022,537.064891,324.518034,235.416127
Vermont,Nonmetal min. prods.,thousand tons,2022,412.373328,313.969802,231.353818
Virginia,Gravel,thousand tons,2022,67692.46105,22557.06948,10395.24274
Virginia,Coal-n.e.c.,thousand tons,2022,28579.16534,18009.61635,7136.000127
Virginia,Nonmetal min. prods.,thousand tons,2022,28258.94959,7111.217348,5877.26177
Virginia,Coal,thousand tons,2022,22313.45727,6688.27833,5528.713854
Virginia,Logs,thousand tons,2022,14518.81781,6196.235913,5401.68128
Virginia,Waste/scrap,thousand tons,2022,14013.16159,5964.3519,4181.431704
Virginia,Wood prods.,thousand tons,2022,11009.36335,5571.945496,3600.445795
Virginia,Natural sands,thousand tons,2022,7348.999722,4969.38164,3440.285236
Virginia,Other ag prods.,thousand tons,2022,5965.198144,4590.939917,2954.347738
Virginia,Animal feed,thousand tons,2022,5937.927404,3816.721159,2939.938821
Washington,Gravel,thousand tons,2022,51354.49119,30128.58141,21355.37736
Washington,Logs,thousand tons,2022,45748.75262,22549.51245,8683.058196
Washington,Cereal grains,thousand tons,2022,35421.84877,15741.66433,4932.872419
Washington,Coal-n.e.c.,thousand tons,2022,35275.37215,12696.73367,3713.690217
Washington,Gasoline,thousand tons,2022,32067.95462,11504.17949,3157.740299
Washington,Other ag prods.,thousand tons,2022,22473.63229,7581.38886,3157.381747
Washington,Fuel oils,thousand tons,2022,21930.31306,4730.63886,2439.404275
Washington,Nonmetal min. prods.,thousand tons,2022,20311.37232,3917.239337,2322.00318
Washington,Wood prods.,thousand tons,2022,14079.86758,3800.47889,2101.207959
Washington,Natural sands,thousand tons,2022,12524.81918,3446.200296,1988.329761
Washington DC,Nonmetal min. prods.,thousand tons,2022,2831.454207,1193.27637,492.72206
Washington DC,Gravel,thousand tons,2022,591.37769,813.351666,220.834271
Washington DC,Electronics,thousand tons,2022,216.73844,722.577651,153.151972
Washington DC,Natural sands,thousand tons,2022,204.47049,491.544373,131.544379
Washington DC,Alcoholic beverages,thousand tons,2022,129.320966,154.605336,122.95714
Washington DC,Animal feed,thousand tons,2022,107.047306,128.041331,38.602793
Washington DC,Mixed freight,thousand tons,2022,68.419401,118.572452,32.298812
Washington DC,Nonmetallic minerals,thousand tons,2022,63.009838,98.950329,30.140319
Washington DC,Wood prods.,thousand tons,2022,45.157417,95.874199,16.452738
Washington DC,Articles-base metal,thousand tons,2022,32.296525,91.786103,15.766034
West Virginia,Coal,thousand tons,2022,29490.43822,10356.53868,64680.20285
West Virginia,Gravel,thousand tons,2022,11561.98273,9201.338313,45727.77618
West Virginia,Gasoline,thousand tons,2022,8524.457,8392.713705,4150.641548
West Virginia,Logs,thousand tons,2022,8199.5518,3959.435525,3875.581678
West Virginia,Fuel oils,thousand tons,2022,7003.570348,2398.560191,2746.449795
West Virginia,Nonmetal min. prods.,thousand tons,2022,3834.986684,2310.299903,2373.700058
West Virginia,Coal-n.e.c.,thousand tons,2022,3450.232141,2288.25108,1889.440703
West Virginia,Wood prods.,thousand tons,2022,1998.835457,1990.363341,1612.670797
West Virginia,Waste/scrap,thousand tons,2022,1427.76,1970.902831,1228.618887
West Virginia,Base metals,thousand tons,2022,669.086905,1357.216913,1213.115798
Wisconsin,Gravel,thousand tons,2022,106396.1765,24563.77622,31281.70813
Wisconsin,Natural sands,thousand tons,2022,29631.18227,17647.91283,10993.63028
Wisconsin,Nonmetal min. prods.,thousand tons,2022,23342.13964,10159.57663,10734.43089
Wisconsin,Other foodstuffs,thousand tons,2022,22130.9561,5999.159905,8858.106626
Wisconsin,Cereal grains,thousand tons,2022,19801.95326,5564.001606,8081.175663
Wisconsin,Animal feed,thousand tons,2022,15034.45293,4979.365709,7464.688176
Wisconsin,Coal-n.e.c.,thousand tons,2022,14605.04049,4769.64383,7232.506259
Wisconsin,Gasoline,thousand tons,2022,13038.31623,4769.59905,6299.460404
Wisconsin,Logs,thousand tons,2022,12789.30845,4110.48666,5093.923868
Wisconsin,Fuel oils,thousand tons,2022,11366.82967,4059.081934,3530.498259
Wyoming,Coal,thousand tons,2022,23400.41745,31625.72622,148764.7141
Wyoming,Coal-n.e.c.,thousand tons,2022,8715.427902,9665.198882,56986.62703
Wyoming,Gasoline,thousand tons,2022,3005.399307,5058.235804,20482.94334
Wyoming,Fuel oils,thousand tons,2022,2607.71634,1426.603958,11751.43964
Wyoming,Nonmetal min. prods.,thousand tons,2022,2270.918749,1403.2592,1934.814321
Wyoming,Gravel,thousand tons,2022,1834.93133,1015.099313,1799.339137
Wyoming,Basic chemicals,thousand tons,2022,1419.110908,956.751405,1447.647479
Wyoming,Logs,thousand tons,2022,1067.1406,941.951384,1366.026315
Wyoming,Waste/scrap,thousand tons,2022,884.32599,550.559499,375.002319
Wyoming,Animal feed,thousand tons,2022,847.89258,444.523344,298.762027
